scenario,q2_frozen_profit_yuan,q3_final_profit_yuan
0,69223454.4574345,69129590.0171092
1,70674728.3941656,70588871.7538819
2,70409954.515986,70344546.692276
3,69337710.8977253,69270258.5925179
4,70446573.85706,70352223.9192659
5,68729954.5140581,68662835.4595643
6,70543599.0952013,70473785.5187203
7,70544728.3697262,70495504.7395388
8,69327340.0475927,69274511.5691369
9,67724153.37012,67664800.3160318
10,68980460.336632,68901351.0429575
11,71263220.9932902,71201946.8915635
12,70750960.8703666,70647343.3137353
13,69537972.3555721,69488097.492478
14,67725151.2534897,67666883.670742
15,69940141.6244252,69896188.6128987
16,70696633.2052327,70618088.957018
17,68560363.7111562,68488959.582541
18,69623621.6895788,69547039.6968795
19,69602111.2617489,69534539.8670635
20,70661292.4633852,70581192.9218765
21,69220779.9810109,69122302.3582002
22,70774921.5701899,70703189.2425057
23,68529710.4954231,68441208.3566459
24,70002714.5353346,69915399.980893
25,69561452.7779443,69487462.085558
26,68813572.3597058,68747421.0507402
27,70447777.8829773,70362285.6698326
28,67587225.5354245,67472896.5369928
29,69780221.350155,69698550.4722427
30,69111634.3892309,69015483.1756336
31,70806229.3498494,70725106.2942526
32,69093768.4774423,69019168.6479377
33,71456579.2560688,71315880.6000085
34,69658216.1377232,69601922.1118862
35,69678050.0260895,69587556.6267649
36,69673691.6556154,69592468.7789713
37,69177590.7553637,69097788.5145376
38,70544120.2235715,70459254.8336603
39,71594327.8851645,71511546.9568008
40,70545186.1045846,70522204.4794351
41,70194371.9339897,70113422.554126
42,71310633.5063602,71211009.8887578
43,67867779.613161,67814185.8638913
44,67609011.1941881,67539136.3901281
45,69500149.0868917,69338021.6976247
46,67539094.7247862,67477801.034147
47,70120616.9804218,70008667.4508196
48,70823945.9161377,70769158.0616825
49,69195194.3495425,69096449.2347763
50,67886292.9469265,67828927.4576449
51,69424531.2884499,69333736.0658504
52,68989653.9078374,68901454.2306825
53,69252778.5115576,69193742.5144702
54,68305924.4239069,68217368.7124271
55,66764473.9816903,66719688.1481591
56,69222372.1881905,69144985.8692113
57,67169180.6379022,67061909.9224644
58,67232927.9646269,67132262.7829109
59,71944278.2861464,71873438.2644617
60,71507707.7727235,71480052.0458303
61,70049449.2538333,69979707.3710307
62,69398936.1126354,69289780.0608871
63,70912726.9415318,70816505.1926875
64,70829361.3032149,70778207.9832775
65,69873193.5845338,69817604.7912312
66,69236027.2550551,69170391.0927556
67,67908640.2065972,67853651.7522467
68,69646338.9661273,69583931.7932084
69,70390659.3992524,70363471.228542
70,69301183.5901549,69235184.8753747
71,69154239.3576287,69077968.1331891
72,68799064.0152942,68704689.9332508
73,68051326.6702538,68019729.1013849
74,68244741.9171245,68154694.4521881
75,69624040.6448221,69572996.3738326
76,70445543.8086096,70371736.0068828
77,70063840.2562221,69991615.6743223
78,70263473.704712,70215637.0698903
79,69748865.8103378,69706514.8260371
80,70079928.0426953,69987884.6904757
81,71560859.4096088,71486703.4641486
82,68719515.6358292,68611857.9749153
83,69906290.3220707,69782596.7524919
84,69748510.6699203,69685190.1602014
85,68814628.5353501,68758818.1570719
86,71396744.450483,71310326.5329274
87,69697661.5534346,69615780.8399667
88,68476708.2154683,68434966.4263068
89,68935552.5687038,68856604.7292134
90,69177539.1860149,69098020.1446555
91,70460934.4502118,70411471.3464254
92,70620393.3725976,70578330.7215703
93,69996505.5220934,69926304.7244387
94,71807327.7519822,71744349.1246854
95,70738433.8293913,70649943.4926366
96,69043688.1678376,68969110.4580071
97,70347930.3754767,70263746.6815858
98,68504886.2470666,68431378.3720292
99,68887091.7011032,68783122.6735496
100,67309852.8814342,67227654.0935292
101,68272971.9050156,68222881.7949168
102,68328215.2841714,68231147.7300661
103,68870071.6095677,68788421.7473258
104,69372367.5827,69288058.3668728
105,70614448.8679687,70523589.3776682
106,69128922.3988399,69012474.6523708
107,72318188.2166134,72254836.85433
108,70031962.4967603,69966620.4491054
109,69193132.2682642,69119133.6528453
110,69540169.7380542,69455945.6985162
111,71102832.1360064,71045436.4552045
112,70558481.8464127,70509592.1036099
113,69251142.3453191,69214640.1631794
114,67727776.4441057,67634238.2147708
115,67308749.3083517,67228957.37096
116,69833935.0821007,69767263.3167314
117,71008925.0055618,70899735.6829535
118,70374674.3302845,70337658.8458763
119,70653768.4622203,70609883.6021998
120,69025745.3396548,68960544.546307
121,71478079.6632809,71414196.3368249
122,69207565.2206648,69102692.8080513
123,68983650.7007738,68874888.6346348
124,66938175.1961763,66847184.0781191
125,68426754.5496252,68352225.4033497
126,69045475.2016274,69011946.0475681
127,69288942.3313928,69219335.6503948
128,69647945.9959783,69619339.5126016
129,69815103.3458875,69743183.5232472
130,69255573.307427,69209334.4860027
131,72193847.6096041,72098455.3434498
132,68825563.2088769,68745756.2748573
133,69825197.4932649,69722949.3626799
134,70885711.4872171,70816120.6929953
135,69317716.4521568,69250246.2848531
136,69223090.5136834,69157677.5963148
137,69123991.0561803,69011090.8622967
138,71385985.8233236,71323708.3449942
139,70374697.0798817,70318587.9278439
140,70820446.585748,70715522.6485919
141,69457635.8392009,69417092.0116004
142,67902832.4600126,67843175.454174
143,71076192.2098501,71033965.4066077
144,70442823.4006493,70369562.611932
145,71695724.4796948,71587828.333749
146,68861977.1532268,68781591.0477311
147,70601150.8346682,70514097.8453581
148,69746643.0606243,69671169.2142816
149,69689538.8926749,69603782.9045109
150,69585253.5759163,69494625.9191909
151,68630528.6919394,68536543.838609
152,71319477.1371841,71283727.0031537
153,70161865.2076946,70079559.4935461
154,70081348.25652,70003743.3182002
155,71755139.2127949,71703789.6350256
156,72221073.7277089,72160985.097569
157,68818308.04815,68777916.2348881
158,68879762.9744456,68801312.2896557
159,70471114.5490263,70417431.9172352
160,70230919.8969663,70136841.9158715
161,70625198.7975249,70555351.059041
162,70159914.7191118,70079263.7838206
163,67390271.8639516,67327825.8629896
164,69291588.3729888,69208519.9524179
165,70340274.3267588,70239067.0621957
166,68527279.3500343,68470208.2928466
167,68135675.7904383,68052876.2181825
168,70390278.9225977,70287876.9788325
169,70121187.7565826,70059590.7421468
170,70270541.0889066,70188928.4562163
171,69347269.4036094,69272388.7772513
172,69817886.6056231,69753715.1697291
173,73138181.166671,73107103.5925533
174,70792304.5442262,70709503.0938592
175,72037270.5905548,71996003.2710248
176,68380571.0168417,68264066.3787301
177,70323521.2501831,70227901.2981292
178,72145038.2122571,72091637.6691785
179,69913807.6545405,69893267.6288461
180,69833730.5244513,69812832.3338996
181,68791455.774587,68754032.2802998
182,68798114.7931276,68727273.3836376
183,70771386.6139302,70703985.8542319
184,70500818.7993527,70416058.1330165
185,72007793.9187277,71916849.5024428
186,71031934.7304889,70959943.801317
187,68186172.2612253,68091721.1459693
188,70248224.8115683,70169750.1645134
189,67977252.1996343,67870295.3676647
190,69839433.7466547,69787722.9328257
191,71521683.427178,71465733.5293549
192,68611818.0139159,68544221.4542556
193,69544616.488099,69469646.5214587
194,67976987.0370116,67901558.9199189
195,70551492.8596212,70513040.9297448
196,69851943.9678682,69773475.1483417
197,69170179.7873883,69112060.9576684
198,69012390.9792259,68914501.9090285
199,70656520.4718247,70569445.169928
200,70348154.1221064,70253717.7508903
201,70454435.1440408,70363829.1615709
202,72118967.2995652,72058977.7308301
203,70832644.4017464,70720594.9250589
204,68956567.0871458,68859870.2313552
205,67913016.2452111,67853092.5918856
206,72240963.6750808,72174001.9325996
207,69279376.4473319,69181009.4898982
208,68868562.4596495,68815139.5276963
209,70231372.5229689,70181532.6008404
210,69116396.8118634,69054526.163107
211,70401206.5456655,70345913.4221688
212,69224713.3449038,69159704.2074294
213,70385675.8364837,70332322.016846
214,69003058.0122322,68931279.7915538
215,69873587.3145794,69785971.2597641
216,70836350.4549657,70786707.7462926
217,70430129.5966095,70341501.0575186
218,68440314.7461182,68373238.2527194
219,71153152.3718772,71077530.8354761
220,70713268.0815211,70642615.9717623
221,68684918.3150992,68563880.3732881
222,68344407.2799645,68305210.4769348
223,69109282.9597794,69002364.6443404
224,70615693.4803672,70559889.2684387
225,68924870.7300483,68846656.5911876
226,67683863.4682212,67599674.309426
227,70755522.5158726,70676306.1782127
228,70384356.4558799,70309369.8948072
229,70367868.6219483,70297057.9640963
230,69437971.4964493,69370759.5026438
231,68423696.7929284,68319505.9365777
232,68429710.6377622,68401674.9831256
233,70281495.8760083,70235896.3565895
234,70568826.3509997,70488634.1401063
235,71086836.8862083,71027147.8204492
236,68404733.9377343,68310058.8669897
237,69951552.3487077,69884108.0576684
238,70551405.2940566,70482370.4427222
239,69723049.7059977,69705405.1911752
240,70572820.7923996,70485433.7370441
241,68047443.3194675,67950684.6618599
242,69964687.1514096,69924946.7822734
243,72089815.4572388,72001565.1960386
244,68700235.3854269,68605974.8652988
245,69825800.7450723,69789136.2835093
246,72093415.1373999,72017937.8265079
247,71782155.1007994,71683596.8332204
248,67807669.02502,67771933.3899157
249,69182665.0922142,69128549.4460821
250,69319143.876539,69268460.0411438
251,69231780.0214653,69173078.1091372
252,67918051.0605714,67797000.9275105
253,69132464.0962826,69030884.780742
254,69750295.0624946,69668456.4171157
255,70180482.2139167,70044755.1387697
256,68279869.6225571,68216124.4895091
257,70987634.770683,70945314.503878
258,68909844.5655221,68835769.510031
259,68869411.6434264,68794319.8470044
260,68934888.905542,68847600.3248959
261,68980041.6978743,68902628.5719205
262,69734078.2319574,69696779.2316296
263,70642651.2298125,70575687.4525033
264,70088353.4878891,70038269.3834222
265,70428088.3478242,70341064.9517261
266,69346208.0151992,69308795.9147425
267,68643449.049045,68557962.1638468
268,68074949.5218475,68012098.930623
269,71772749.7742083,71684752.7954008
270,68439672.9783043,68346705.6480137
271,69175748.6271488,69103564.0504494
272,68559583.797708,68473932.0709189
273,70119741.0262808,70063812.424341
274,69622736.4805427,69540485.8667971
275,69288420.4146846,69218125.2470889
276,70784430.6480218,70714439.1803434
277,68571276.678161,68460360.5776798
278,68865899.644819,68748209.5050539
279,70214600.7831509,70139760.7745865
280,70678782.6457839,70583800.1749933
281,66987143.5872272,66927736.6418252
282,70426387.5714418,70351901.1570822
283,67778523.3683656,67719007.8797144
284,69437990.9052694,69388550.5866245
285,68732797.9916357,68636690.1100841
286,67774379.6216936,67702404.1500576
287,71249575.0820695,71206872.0430502
288,70393370.9150724,70273340.5196309
289,68430670.0052711,68347825.3807047
290,69204887.5327769,69147682.5998463
291,71326740.6715033,71279185.2402806
292,68256804.2516994,68163017.4297325
293,68850939.1640294,68742176.4074551
294,70252524.0478449,70173375.0709654
295,70862645.048209,70814496.2961042
296,69813667.7093238,69760785.6314063
297,69893844.5698308,69855386.2231269
298,69124170.5259199,69062482.2177727
299,72191473.7316609,72119850.9212429
300,69945574.7266198,69815860.1261665
301,70938117.4499317,70858708.9039497
302,72399705.2637819,72327633.9367521
303,69031545.2551474,68963959.9678091
304,69419546.0912878,69375808.3672466
305,69549839.603298,69472467.0241399
306,70754658.2816816,70633853.0042777
307,71411907.0147864,71333084.2228048
308,71277003.3457743,71250205.3632893
309,71419671.5114559,71357555.8915832
310,71435130.6275785,71392396.1597316
311,67711167.0285316,67624701.2636617
312,71307085.3151294,71225332.3839143
313,69683743.2000061,69659071.3927862
314,70472016.2444059,70417582.7272988
315,69185202.7937531,69115916.1776956
316,69805331.480493,69721618.5361809
317,69411483.3096553,69327369.1363856
318,68769537.8364153,68703587.108449
319,67999124.1433054,67962341.1413761
320,70457615.9795858,70396724.3411094
321,70042349.3377171,69988532.8440071
322,68378596.6888095,68310013.2615315
323,69154652.5241817,69066828.9018552
324,69938035.9315391,69901323.2049986
325,69637338.7084604,69546569.8221574
326,66389355.1492406,66308540.2336304
327,68721354.7367436,68678457.3571
328,69742074.3567205,69644832.5876931
329,70050697.8576907,70014155.4610048
330,69693672.4866967,69616941.77023
331,68168003.1514336,68112055.062063
332,67773293.5227642,67705982.9059481
333,70037810.6142564,69988192.6636381
334,68549671.9812746,68500191.1527039
335,66864251.2807604,66767079.5397266
336,68788586.2723885,68679533.3701203
337,68002542.5635065,67933041.7395237
338,70122076.01013,70046863.2396417
339,71796245.1631007,71752320.3298718
340,70464880.7776076,70423767.4946298
341,69537952.7490833,69481527.8261212
342,70165379.4511992,70092696.8435099
343,70624253.8219898,70542021.1939826
344,69813572.1362595,69764140.0147801
345,71160063.5956431,71096449.5202043
346,69214656.7832144,69168049.1508223
347,69576024.851728,69519076.8216317
348,70505142.3576562,70437934.708148
349,69551990.8837035,69437829.0531604
350,69365302.880952,69289426.6204567
351,67868901.6951799,67801101.5652243
352,68793729.9287617,68741806.4101367
353,68816748.5629355,68745205.2068673
354,69920968.7589751,69874088.3869527
355,68486659.8205596,68420168.9937794
356,68802661.8329408,68730588.8225273
357,67695515.2151428,67624561.5504767
358,70362268.253376,70300194.4814689
359,69533777.3829555,69478095.6877582
360,68562158.364048,68459155.6017886
361,70405087.9325504,70343136.2076818
362,69474041.8802562,69398519.681105
363,70441110.0113874,70380348.3793163
364,70060187.8271451,69994168.1645132
365,71425322.508112,71353247.7860375
366,69657666.3264616,69623488.8420253
367,70461881.9413354,70387794.0352214
368,69610712.9964009,69533214.7929655
369,66918441.9181228,66812972.7147839
370,70396115.5180315,70335640.0043779
371,70286329.6367628,70219555.9908892
372,69640548.3644914,69529913.0660505
373,66149616.695885,66083250.7363517
374,70228423.2680336,70180551.2135603
375,71511800.3610011,71465743.0231374
376,69543174.2243011,69421505.2360189
377,69815900.7923804,69741807.6589389
378,69799976.3161714,69728891.3164307
379,67445487.5781545,67367194.644794
380,71581714.3279894,71481786.8210006
381,70359072.6656501,70281610.0389711
382,69660991.6991749,69597685.7546697
383,68663584.1683564,68603310.7525981
384,69985272.2114029,69911847.6669158
385,69712928.3633666,69619498.5007221
386,70094886.6515964,70003493.6223515
387,71203479.0982787,71139467.5289083
388,69670154.8453122,69611412.5618531
389,68579659.1175098,68527995.3038866
390,71587422.2252645,71513820.2519089
391,68423671.8701164,68356004.8730859
392,70587484.7729985,70491636.5375714
393,71165039.0695569,71145636.4827805
394,69008445.8065519,68975632.8127841
395,68630308.2301963,68569331.2874724
396,68396428.1221077,68298535.0328008
397,66995383.1733443,66926547.6727235
398,68095982.6568695,68017923.6452025
399,68992845.0473977,68965122.6968662
400,66754789.2041603,66693720.564283
401,67016070.9224583,66928854.0722711
402,69295910.1384056,69242870.2287144
403,69508094.4587459,69448565.1433893
404,68599689.9005479,68536376.2590725
405,70966952.5684433,70890506.9758955
406,68940050.5823062,68881172.4104113
407,70840260.7112558,70785830.6321425
408,69238353.5612419,69174270.4292291
409,70643384.2439536,70567280.4406324
410,67702261.5062232,67629037.3310056
411,71095102.7146981,71040896.359127
412,69659649.4976577,69595736.596362
413,69817827.9174483,69763214.9762614
414,66607511.5679517,66520588.5418663
415,68826507.9825374,68728679.0928957
416,70057278.894302,69988327.562061
417,69508630.5349194,69459419.9617966
418,69889339.1739539,69836931.7658834
419,70664576.3046763,70618300.0494731
420,69936880.8543759,69861234.106321
421,70036393.3615397,69967586.2560184
422,69029101.2949635,68983884.4059184
423,71316591.6751268,71269747.1457512
424,69178463.9762718,69122834.5517977
425,69177993.1699118,69161749.4881355
426,69012559.8909515,68916956.8763629
427,69212824.2788781,69124057.0147927
428,70433435.0481393,70382935.6563202
429,69147760.7901406,69088125.0226271
430,70407900.9500357,70332701.4705965
431,69455489.2454779,69381845.1436608
432,70913735.1423123,70887524.2067931
433,70330989.7271139,70230399.0186526
434,69671558.4244952,69611946.1827375
435,70190661.6196073,70104805.9889077
436,70856239.0210949,70792003.756311
437,70593649.8290535,70510626.9955892
438,70471873.8857695,70382989.9103399
439,69680655.2688992,69603430.5116628
440,68398647.0070829,68343873.2494272
441,69798424.7939934,69722122.8717642
442,70334535.9901841,70264941.5007988
443,69733175.0436827,69674118.4526261
444,69007027.1109391,68930272.2980776
445,67403548.5011597,67303282.5654955
446,69931353.3247194,69861013.3935768
447,68149318.2965631,68085240.6336464
448,66754832.2023054,66638921.5323726
449,69171750.6659609,69092622.6967289
450,68494784.2086844,68407924.5731871
451,68502952.0502363,68409279.110683
452,69469598.9296702,69402159.9532884
453,69730573.5147309,69632597.3393918
454,69710744.4328307,69598717.8208983
455,68530575.0176997,68457260.0618829
456,70076263.7592554,70017335.806997
457,67764910.838371,67672703.1456825
458,68642635.68387,68585161.8758118
459,69069784.8133503,69013958.8218493
460,68194843.8560196,68148636.6137135
461,70106704.3713135,70021029.0853959
462,70503559.7293376,70433781.0792829
463,67982707.2970533,67898581.680716
464,72241880.0108195,72164703.5326457
465,69432474.6171366,69394535.6128594
466,70319725.95544,70217299.32626
467,71245806.2462001,71200224.6239771
468,71341336.6630036,71272109.3627264
469,69613876.8498833,69564205.8179873
470,68337661.1540554,68277587.7856195
471,71415569.2909095,71389698.1551129
472,68926461.8807079,68843014.9321365
473,69719908.9998368,69646012.8275391
474,69597955.5108615,69496850.9699494
475,66630461.6245342,66554141.82914
476,68999418.7551091,68948957.5140963
477,69869515.9075225,69777439.3574096
478,70099841.7263721,70008290.5755368
479,70956113.5805249,70888057.481413
480,69158616.1766657,69050717.2489581
481,67791734.2878617,67697179.8197937
482,69730300.1844382,69612703.1514899
483,69576356.6498279,69488817.3433375
484,70343650.0711295,70271442.5560242
485,68895810.2909058,68808482.601187
486,69658210.2627575,69603764.7656547
487,68802725.3201978,68707991.2669868
488,67346111.3606614,67303030.1147077
489,70954440.5358735,70865209.8204592
490,68721822.7078295,68623728.3469894
491,70237994.3252813,70146940.6855845
492,70339812.0891002,70236114.7925404
493,69009332.097862,68928493.5988745
494,69888993.7388431,69798450.7065862
495,69912580.9150902,69881821.2830898
496,67337991.7977636,67277524.9126552
497,69263505.2450952,69150054.7536075
498,68719944.9779826,68666942.5701522
499,68809160.1677327,68744723.9121228
500,68209869.3616404,68140636.591742
501,69770683.4675917,69698718.6422323
502,70891375.6116567,70823263.9610357
503,71062511.6515503,70973177.0812175
504,70557682.1496658,70505622.3801758
505,71574190.7277973,71520143.8181404
506,70081488.2393815,69994666.6550328
507,70604089.0694828,70533115.9362987
508,70741585.9120243,70633566.0204485
509,68301009.8718724,68202870.834544
510,68413350.5599156,68354389.9012863
511,71540864.8516308,71429290.8669604
512,69980755.6627305,69908397.7766571
513,68381424.4820435,68317201.8679056
514,69589942.8377904,69515378.6411633
515,68079546.3338327,68007335.2107387
516,70297635.4120532,70211615.3698414
517,66998593.0127548,66931249.6380276
518,71314733.2927217,71230534.0104966
519,69197418.7535031,69129472.9440132
520,70268289.0923534,70202579.9428884
521,70797939.9084745,70705186.3979875
522,70590937.4458992,70513552.9033277
523,68576932.6951983,68503235.8459157
524,68671335.654298,68557000.6632132
525,68597791.6170586,68507733.2331029
526,70072041.7215486,70023295.089576
527,70144178.7030049,70056222.5875429
528,70364924.9316285,70319907.4994992
529,69382408.1802093,69275440.7397991
530,68230635.8064956,68137535.4425555
531,68387795.7793817,68274834.2860971
532,70035813.9304667,69914558.7761069
533,71077126.085535,70985897.3122083
534,68987791.2348561,68919421.9452329
535,70267078.0890244,70185255.811723
536,69477120.8160767,69366221.4861551
537,70649457.1754429,70569177.828556
538,71655170.6049112,71606007.9895244
539,69464350.2193524,69398846.7757962
540,71038830.8230771,70969275.7272139
541,68560161.3233853,68481283.6785623
542,69983455.7683355,69921484.0745035
543,66631162.8564685,66562155.6999356
544,71193509.4637041,71128950.6773949
545,69430302.1889773,69349874.7362629
546,68967829.3229439,68926996.8692166
547,69687289.2374107,69600648.7386802
548,69637027.622474,69566209.9379422
549,69765349.5315907,69716219.11187
550,68090585.5319925,67998832.5713222
551,69115638.9855893,69029719.6984763
552,69761420.4490795,69682786.1037508
553,70808406.0066054,70741867.5747234
554,69233759.924791,69128256.5612577
555,70740481.7952294,70644674.6419988
556,69501922.8528346,69386861.1588918
557,69667603.0190104,69610438.6094813
558,71607178.7904826,71576339.4861246
559,68808426.2493141,68719852.9370899
560,70866580.8320882,70790278.4179776
561,70243390.1967401,70155418.9712218
562,69242490.3298401,69146083.6018306
563,71222323.8298677,71172160.6035199
564,71065657.679314,70952992.5271077
565,70732696.0405296,70654322.7711639
566,71771434.456065,71685569.1768356
567,68942118.613211,68851063.9836174
568,66702621.5090562,66629885.8122776
569,70690614.7393172,70619931.0836188
570,69224275.1882253,69167756.7595851
571,69678858.3579461,69602001.7627691
572,68071052.5455402,68020751.0430993
573,70267255.9957097,70211187.0706411
574,70508678.8905144,70448171.9604535
575,66808616.6602294,66680600.0679412
576,68606606.8161407,68506768.7563687
577,69973234.2508766,69931285.0755583
578,66878164.0470513,66806257.3545971
579,71334183.9356447,71265803.5746838
580,69499778.935309,69434657.6721778
581,70626947.1371696,70580464.3399653
582,67855059.4880876,67802090.0675595
583,71529841.9963336,71462619.388616
584,70872995.423823,70815526.5374233
585,70855496.9607654,70804494.5729053
586,69349724.9194697,69276669.6943775
587,72032624.1155081,71946714.092589
588,69875976.5538438,69826004.3765397
589,68930314.6087153,68866718.1402353
590,69353449.997596,69268885.7961927
591,69877767.059377,69833182.2393573
592,70005327.2355466,69946563.8646774
593,71012953.5815181,70904819.6190405
594,69289300.089614,69200051.6954991
595,71961837.0767855,71880882.7254843
596,69503806.6526797,69425810.7057188
597,68845831.6885913,68746783.4245701
598,70062495.1450895,69966661.6938818
599,69923935.6631941,69838572.3228728
600,69575992.6365817,69520887.5962224
601,68331592.9199836,68288958.0505819
602,68427196.2068968,68345118.5673061
603,72046276.0872767,72000171.6957041
604,69472199.7087753,69443628.8319948
605,69473412.1645518,69425761.2636468
606,71249932.7413947,71212260.5968118
607,69195538.8399179,69115658.8271482
608,71724484.7924806,71677382.2266868
609,70646877.745076,70557908.118486
610,70295678.9902934,70208700.5321507
611,69218053.3823149,69138342.9193988
612,71092792.4587822,71051061.2944058
613,70050441.8257115,70007520.0485107
614,69499036.0707141,69410887.4201859
615,71120382.8725156,71044332.1636794
616,68795415.1953723,68733644.3147305
617,68391237.1111821,68320650.9349938
618,67749714.9004543,67678867.0231932
619,70274164.4651791,70217074.8462107
620,69449971.0524715,69363149.4221201
621,69927905.5543706,69903830.0779094
622,70515683.9786866,70451497.8311532
623,69082662.9707136,69031894.9039504
624,71748180.5961288,71653321.6088716
625,70186121.2832139,70116862.6677914
626,69669985.4922823,69598399.2916829
627,70632393.8362489,70554128.3087124
628,66785432.3124857,66686724.7829018
629,68000003.2782314,67906887.8517845
630,68872173.655809,68814403.5535932
631,69646300.6690313,69552852.7560679
632,69322722.3550302,69264757.2412558
633,67636318.383437,67516627.4501145
634,70142603.7553013,70064668.7584126
635,68558100.3826415,68517585.2845793
636,70372747.8671783,70291930.8266584
637,69209597.9203958,69086996.4475923
638,68517682.5655525,68456020.5933059
639,69660130.2072643,69564512.8587197
640,67492224.5262105,67400878.1584142
641,68474084.2001788,68347913.1040189
642,68916384.4738688,68865730.9081514
643,68231227.305592,68197706.9258526
644,70195898.1451982,70107168.1695946
645,70470227.218334,70395582.7753417
646,68752482.0478367,68677116.8524513
647,69683189.3235616,69623909.0823591
648,69804069.6739074,69748420.0856111
649,68704984.0037093,68621450.9194743
650,67857765.6136714,67773273.3582219
651,68291899.7725725,68212940.0380346
652,68707934.337655,68629918.3686059
653,69264745.4279243,69162165.0403804
654,69794370.5500074,69726884.2875076
655,69041019.7932197,68946494.9227027
656,68273045.9177144,68162344.6510854
657,67966549.6142352,67883570.3236648
658,70839919.809995,70792777.3639528
659,68774428.9491632,68637047.0633364
660,68685759.5974872,68670207.0055865
661,69342892.4437762,69239692.3415333
662,70211790.2077338,70122768.238708
663,71051087.6829064,70999458.9002587
664,69993463.3438889,69917354.9091419
665,68997168.5600417,68887479.297829
666,70870228.6184418,70809880.3451373
667,69291159.0916046,69204564.6796423
668,68817458.8354017,68715052.3677262
669,70790831.6283849,70719733.4656362
670,69480469.2456949,69328286.4411826
671,67793577.6979953,67721021.1424683
672,70004417.4008554,69927505.9056646
673,69297716.2907442,69204957.4901437
674,68851302.7053336,68766010.7814269
675,70004083.687429,69918723.762881
676,68496634.8998589,68410846.9331608
677,70769104.5632382,70707866.7873464
678,72267886.7795051,72243586.1080189
679,70001402.8203917,69915013.4956704
680,69667399.3108583,69612485.1443826
681,68742343.1118009,68651904.3690512
682,68435877.5688896,68352183.3175408
683,68682190.428145,68611276.2482975
684,69217001.1832632,69139080.444865
685,70430287.5462781,70317534.1591911
686,67362667.5085564,67289043.1655418
687,69266626.9571971,69168656.7438435
688,70123903.201881,70071170.146533
689,69474368.0695154,69415472.4012202
690,69281805.0985541,69230107.0609019
691,70046774.0147205,69992031.5910986
692,70344454.9751622,70313911.5285035
693,71001227.3209382,70961545.8131513
694,69375242.4146078,69300546.5724873
695,67442559.9468528,67380199.8985011
696,67809816.4169161,67731842.5896159
697,69295866.0223248,69235112.8812698
698,70475724.9204706,70382853.5373538
699,68619680.2143724,68557386.6293752
700,70980051.4463164,70885051.0462486
701,71655743.7560161,71598032.4593108
702,69373197.3715682,69293497.2606506
703,68638693.0194737,68563554.5539971
704,69090353.1699538,68995951.8787512
705,68462311.2506564,68375354.5829883
706,69087871.9009475,69052201.9925373
707,71424214.501419,71406215.4176263
708,68865232.3521586,68758972.035646
709,69210675.639974,69161062.1456436
710,68717990.3937194,68670388.1182089
711,68532356.1991617,68455463.3335857
712,70509801.9592825,70456991.5237156
713,70144967.3094576,70068283.6679326
714,69498021.7086198,69404021.8570777
715,69848823.022696,69750739.2040776
716,68481711.1926686,68375464.3349239
717,68327806.9977238,68236812.7814743
718,71711645.751441,71628173.515817
719,68909908.1751044,68853424.9832582
720,71206983.7861236,71158620.3084722
721,70719129.1511347,70648955.6497919
722,69162947.8539683,69118598.2937007
723,69998592.5183966,69947974.1562359
724,68568859.2024093,68488076.507864
725,70640325.0980209,70530663.7352761
726,68080190.0226483,68004928.0608523
727,70842281.9616039,70793582.2989456
728,71909467.4477271,71839627.9084969
729,69444346.0262145,69363499.1819614
730,71470185.4142975,71393130.0293312
731,71025701.285319,70964458.752647
732,69412444.2940591,69326662.9711586
733,70802587.7257499,70774655.4973187
734,70083618.2668258,69992926.1961478
735,68568959.7168816,68515967.9199641
736,69396110.2641781,69320480.3534602
737,67212912.8433048,67125869.7639329
738,68857188.4579129,68789878.9305347
739,70823254.051458,70763208.1707505
740,69826466.3646666,69746595.6122193
741,71732506.0127053,71641286.6638923
742,68798216.8304988,68725636.9380926
743,69318379.648547,69283876.8950213
744,70286292.8961645,70191206.2925002
745,68423434.5392429,68335324.7497805
746,71646340.2682035,71595665.8274557
747,69613221.8581986,69525660.0588407
748,69220040.7740506,69152506.2327264
749,69174792.8043023,69078794.9508765
750,67065648.8461246,66963950.713545
751,69153174.0422305,69091623.8912027
752,71449980.7560704,71362440.516529
753,71217111.7738133,71136372.0698264
754,69321798.0562348,69231980.4269709
755,69424039.7740717,69354337.625802
756,67847642.7226144,67747382.3455034
757,69466801.5328628,69367683.2062837
758,67149048.9474596,67087100.2933358
759,70379912.2416054,70279033.7892781
760,69132192.7440584,69053572.1054396
761,69458799.4481167,69407282.9384289
762,69682681.4278048,69608761.3126712
763,69254154.4267313,69175474.9904051
764,71035665.5984765,70995138.9393326
765,71334576.4138514,71275474.4133471
766,68570766.1897642,68505252.0171414
767,67999608.2558289,67912527.1314255
768,67936502.5197033,67841676.2132636
769,71323326.5799772,71199423.8024623
770,67733436.4833982,67647740.9837416
771,66441915.0238779,66365902.9303908
772,68929936.208556,68876968.3406218
773,71200045.966582,71129025.6774482
774,71583258.6107599,71519863.0010759
775,68579475.3615841,68510616.9092734
776,67772842.3811894,67748308.5438816
777,69938428.7399741,69860169.7199884
778,67018064.463706,66932287.4876118
779,70875326.0565948,70809897.3553043
780,70861114.571336,70802831.2893734
781,70410139.3712509,70337785.3489821
782,69047013.6920642,68973883.7364966
783,70796998.4872398,70704118.7828665
784,71068927.5140371,70980206.2477642
785,70195294.4194553,70111150.0869092
786,67902101.6533744,67811278.6148668
787,69490241.2099841,69467543.5847587
788,68660956.0878903,68594659.5922375
789,69034247.672142,68931910.7806121
790,68988398.5395964,68920343.8346593
791,70694336.3713597,70666648.1075332
792,71988425.2805212,71917790.3608928
793,70504244.6709136,70442696.1061752
794,71224875.3246528,71161446.5707473
795,67997795.6677684,67885972.4037365
796,70801149.6023826,70694455.8446218
797,70248635.8869449,70173577.2215162
798,71933291.5007431,71865348.1271903
799,68888287.6188288,68840866.0356595
800,70051024.3630216,69998813.5698477
801,69764223.0450031,69672495.2322987
802,69996384.9860621,69921697.9844459
803,68702893.1622383,68666745.2819721
804,70287836.917087,70251083.8795375
805,70706960.4282873,70658569.853843
806,71582313.9086804,71483614.3263518
807,71191200.0406133,71140716.9811424
808,68403091.1479652,68313667.7089377
809,70610330.6394101,70516796.3064822
810,67989732.1510245,67918650.9887078
811,69280254.3555793,69201141.514417
812,70235758.6670024,70150835.1775949
813,70549725.3126812,70488837.2435885
814,71666984.2878469,71608494.1730412
815,71579236.243947,71494038.0680165
816,69650335.2513338,69560200.4129643
817,70426362.0820843,70391229.339768
818,67658823.8509224,67557851.3101369
819,70358839.9562153,70281787.3554147
820,69197372.0657516,69128660.2614962
821,71872623.2381884,71814328.2131816
822,68596469.0845826,68491725.597872
823,69644705.6794698,69533483.3510894
824,70647288.4628693,70608138.0792056
825,68828878.6711334,68773586.4434125
826,71036747.7270416,70970358.3753374
827,69636299.3357926,69549700.136534
828,69744236.4627393,69723689.4245312
829,70513892.9726175,70482140.1538107
830,67653050.3958421,67590727.863178
831,69487860.7939635,69465459.3131369
832,70051814.8714793,69984226.915327
833,67494077.5353286,67421916.2394429
834,70545684.2449992,70471953.2123654
835,69595577.0177683,69521051.6142912
836,70668316.150282,70574326.1831245
837,68672161.9198518,68584997.8173679
838,70768424.1066525,70670507.7164802
839,69440122.5580493,69349350.3925773
840,69298022.9506966,69225310.3743252
841,69834005.2156696,69756271.4599325
842,69625788.8375325,69557021.2717882
843,70139718.0231118,70073419.5356531
844,70132051.2565682,70072750.4564515
845,68686802.7455531,68601547.4676885
846,69842204.3511452,69754873.2132875
847,67967378.6419644,67883733.6105363
848,68963496.4749775,68880409.5757302
849,69793541.1197698,69686173.0781935
850,69498669.5944697,69469187.7248823
851,69892115.5876555,69838077.4025149
852,69509738.9924033,69411250.9013597
853,69599725.1330198,69534253.5730011
854,70556883.9361084,70489469.9619944
855,69626548.1647792,69549933.0892244
856,71116711.4045193,71067747.8771489
857,69268928.7883586,69193446.0505879
858,70728377.1769787,70690111.2487935
859,69068082.6322367,69019366.2047084
860,70533864.6206218,70483932.7801335
861,71034692.6828176,70985197.8968571
862,69010464.0348701,68903351.1283247
863,68763568.8354293,68674905.8611579
864,68468438.2395877,68429305.7791778
865,69511869.6789058,69471171.9168027
866,69751870.4127759,69654875.4271327
867,69338435.5460367,69299229.5061591
868,70889611.3792274,70860322.015769
869,67761443.0634491,67687183.0066969
870,71286207.9247246,71212857.4017745
871,68094530.5604312,68019424.9769686
872,66886760.8977487,66803620.8264969
873,70519033.247937,70463654.729841
874,67692309.8923282,67620053.6150986
875,71382764.3912903,71316351.4438738
876,68876603.4445516,68835082.4198314
877,73400464.6104244,73334988.8082844
878,68245560.9079208,68119276.3100732
879,72547512.7545651,72458861.6592902
880,67777535.2727008,67720173.6825233
881,68276653.7331069,68197202.1567905
882,70803798.9122035,70764767.4986865
883,69461005.1969614,69428930.6218962
884,69738903.9757748,69657574.6097941
885,70016435.7643581,69932862.7696562
886,69697551.1022972,69625317.3513212
887,68672303.9625827,68573135.9033751
888,70624256.8230414,70542936.6646891
889,69592226.4017512,69532041.4886573
890,69426142.3039798,69386262.8624436
891,67556603.8589053,67490827.9809319
892,69342986.0555569,69230308.6484493
893,67134345.7716822,67055762.1390347
894,69475637.6545994,69433073.4632843
895,70447067.7828718,70359283.0842466
896,70557682.804317,70452332.5609626
897,70567563.2246559,70468020.0001951
898,71109154.2974988,71034024.7563982
899,69140717.7923091,69075122.178642
900,70024191.8941109,69956252.1803221
901,69482699.9757757,69416937.0820778
902,70754480.5529291,70716273.6108572
903,70820459.3325889,70769253.0944531
904,68995971.5469726,68908425.9896091
905,69023800.1981828,68931103.8886099
906,69171478.0090754,69119447.2883908
907,70871174.7163558,70832288.6552336
908,70101334.7861441,70024268.0182783
909,69337776.1393779,69310238.2364396
910,70743352.0015934,70673196.9961687
911,72164092.1496857,72098871.0964447
912,69857404.5750061,69806687.1311281
913,68890640.3668948,68812806.945329
914,69832882.9705876,69765080.5805722
915,70685000.9875573,70641937.5343378
916,67262720.77948,67179456.4271035
917,69784441.9941854,69704025.6840931
918,69700153.2374555,69589982.1971871
919,70646556.0671392,70620017.8062237
920,69951277.7019576,69860049.1116982
921,69814700.8405884,69764491.0319835
922,68808981.8089587,68754526.2822242
923,70908937.8717927,70834053.233409
924,70330383.6382979,70243236.6132751
925,70659863.0110711,70620704.3595256
926,70319769.312186,70270362.5375792
927,71838608.1836383,71784529.7855135
928,70664642.1339255,70613374.5389675
929,69884362.6321785,69790637.4592371
930,70878061.7649,70774756.9606253
931,71016898.6229801,70965317.2086125
932,71566159.1030696,71484721.2186156
933,68569957.4186344,68493624.7697247
934,68733278.0685655,68695749.6116275
935,71503709.5505006,71422336.9395146
936,70290734.8336098,70214707.0299692
937,68114215.7526703,68040697.0078858
938,69020050.1600677,68948729.1187092
939,68993954.6619877,68927465.423961
940,67589949.5040471,67526149.7417778
941,70668328.3924167,70562624.2800085
942,66093257.8234103,66028464.0463975
943,70643820.4159203,70572719.5992732
944,69450038.297372,69377764.6903301
945,69441543.5816933,69351700.7680751
946,71801845.524456,71669597.9396524
947,70024205.7567773,69951705.0124232
948,68269684.4394092,68214184.5685503
949,70878453.9298646,70800045.8502445
950,69730199.6142386,69689779.689924
951,68601815.8639847,68526752.9454383
952,68543106.6616958,68480809.4057011
953,69606624.2787665,69537134.7993897
954,67664818.8522183,67575926.6809148
955,69306908.4017178,69218223.5918693
956,68465386.0485144,68350687.501728
957,67960337.1178102,67877725.8546559
958,71394204.8232345,71311292.6887725
959,68726741.1419009,68628660.7382866
960,70432977.1644161,70378355.7030886
961,67272399.1775301,67172849.680944
962,68684562.7786559,68612822.4448254
963,69642680.3558279,69557726.428495
964,69250623.3271333,69144823.1893765
965,69753847.3488706,69676445.4653912
966,68877858.6249436,68836124.6263138
967,69982190.2485617,69869966.9087164
968,69664387.0612942,69594453.4203177
969,67799344.8902939,67758686.8090963
970,70675094.7850333,70607610.0022271
971,70208466.4221318,70120759.5055331
972,68339451.5519964,68279177.0889681
973,69685287.8729608,69580931.5106337
974,68251995.2165598,68178440.1129612
975,70066744.1217519,69984510.5164378
976,70522087.2247664,70437121.5464707
977,68786953.5322794,68739518.8613488
978,67549977.2579252,67436022.8318238
979,68481525.2930878,68437275.4270132
980,68723290.4246759,68646720.0436922
981,68420587.0805783,68353225.3166556
982,71627179.2695913,71531555.0809668
983,70314152.0288915,70254236.9375853
984,68716424.0598597,68659430.9462661
985,70684022.2894197,70610055.3222607
986,67944084.5019866,67873523.1029652
987,70151568.899167,70076728.8662795
988,69976575.4659966,69895871.700028
989,68841757.207807,68799936.6403919
990,68173670.4840541,68117088.0782393
991,69927763.7065825,69864816.1380156
992,69497364.1424571,69414006.7498386
993,70574024.778148,70490369.6911099
994,69984340.265735,69933437.7823329
995,71925304.6413111,71878483.5940544
996,68585008.633249,68493037.033337
997,69673730.1907523,69607242.8360743
998,69986281.7114801,69907217.4657795
999,70063866.7128059,69957028.2396302
1000,68737742.2915629,68657416.5997981
1001,71341466.2715044,71298717.8811209
1002,71054866.8462112,71014158.1206044
1003,69965448.9333629,69900680.9665802
1004,69635127.5641821,69565375.3058391
1005,70659334.1825405,70543249.6887663
1006,68619658.0411099,68539698.0180386
1007,69850652.0566904,69776332.3103176
1008,69405331.8659862,69339345.8816977
1009,72368017.1069126,72292002.5777366
1010,67675061.7489816,67575181.2745885
1011,68656476.8557599,68554102.6421826
1012,69803644.4978574,69735515.0340392
1013,67019765.7135164,66926631.6498942
1014,68432753.2697341,68337313.2518685
1015,69840877.7045665,69767693.8038184
1016,69449911.0041743,69381358.284223
1017,69611044.330687,69549573.7244363
1018,70338714.6895234,70234771.4725599
1019,69286476.240019,69206228.0451051
1020,71858386.2464223,71783363.7391415
1021,68018977.0323898,67963805.8735802
1022,69705777.2545563,69596850.7619503
1023,70762135.6047842,70684397.8014695
1024,70312634.1050262,70229752.8330806
1025,70842759.7670074,70786331.2889812
1026,68810395.5441994,68731604.5703263
1027,70001762.7429795,69904923.0750634
1028,68895683.562315,68798138.1170169
1029,67877818.3149212,67777957.9121949
1030,70233579.1210101,70160815.924697
1031,69756138.3501106,69687933.9762821
1032,71215111.2590191,71163768.1882806
1033,69452196.1974248,69386806.3011042
1034,68524360.9746343,68479331.2922772
1035,70316758.8223917,70257194.8865867
1036,70086795.1838169,70019986.2530672
1037,68727566.1620762,68638512.5239224
1038,68885083.4957013,68803872.623885
1039,70428384.9237032,70359036.8941852
1040,69058383.6379147,68968869.9741071
1041,70157118.0452753,70096361.2276267
1042,68448747.6189893,68403807.8780895
1043,69502832.7223343,69396175.0358686
1044,68887748.831014,68796521.4352737
1045,69525262.6677855,69453375.3771141
1046,68213538.0420603,68120962.3807682
1047,68658603.2312431,68518656.8769331
1048,68224436.0151266,68144335.1602435
1049,69416719.4535678,69362004.5155453
1050,69097230.4486213,68996941.8591563
1051,71607743.6571632,71547542.9442262
1052,69154803.7758668,69107691.5708061
1053,70266908.1087212,70187922.94478
1054,70583993.476304,70488892.1115958
1055,71178000.9723878,71095396.0804044
1056,69976789.1062843,69890737.0914291
1057,72096467.6174278,71998233.1415123
1058,70497936.2441118,70404220.6199657
1059,71322902.2959947,71259266.7319232
1060,71000176.8625299,70961037.4954995
1061,68788362.6161759,68747848.6906094
1062,69933613.688774,69852684.2208823
1063,69043391.9636382,68956749.894883
1064,69758966.3968989,69689086.8039789
1065,69307941.1243941,69264165.7021639
1066,69301752.1944037,69167365.3654407
1067,70400397.6428742,70332556.358113
1068,69277283.7029543,69189568.2149441
1069,69051553.4317964,68925889.0040369
1070,70733685.9582279,70676977.4594822
1071,69209492.8131829,69123752.3792328
1072,70653032.117478,70586025.3070272
1073,70022950.4350254,69973025.4581203
1074,71434943.5998509,71344155.64543
1075,67698006.482546,67627431.8417396
1076,70152597.6723424,70124749.2274505
1077,70684962.2490203,70638817.4326325
1078,70108158.5690663,70055831.9821789
1079,70439182.3648399,70350493.0997352
1080,68398003.1079837,68317489.5191149
1081,68510306.7102431,68433127.1495942
1082,69032265.3654468,68951602.7081289
1083,68670115.1964304,68559345.4242613
1084,70360015.5582328,70260652.6293456
1085,68590319.738625,68527664.3109685
1086,67678714.8521756,67627212.8608711
1087,70195408.1510324,70162380.4678056
1088,69622659.1846933,69527032.9413338
1089,70217049.6941386,70113688.0876726
1090,69184359.4610344,69100023.8944801
1091,68754985.3864601,68669246.5030319
1092,69195293.1248423,69109898.4150025
1093,68987049.4101297,68951259.8944755
1094,70693770.3107541,70630994.1458564
1095,68434726.1711837,68352524.0767356
1096,68906498.275589,68868782.6874524
1097,69297719.6807132,69252256.6370735
1098,69376755.9990125,69267024.7479733
1099,69442929.5300747,69406244.3010134
1100,69947148.8038455,69890356.019691
1101,70720801.3740849,70654895.4864193
1102,69966937.8605629,69899056.8981446
1103,70420637.709492,70361828.6058982
1104,69753646.4387652,69673839.1924495
1105,69801074.2201426,69753216.2215563
1106,68329158.9387709,68271265.5161293
1107,69295108.2670443,69206797.7118015
1108,69656829.8674509,69631714.1141813
1109,67029468.405259,66903791.1198308
1110,70071466.9266301,70018965.9626107
1111,68940705.3062591,68849511.2078959
1112,69302794.1932414,69183078.5663707
1113,71533430.4315423,71460839.5899011
1114,69481363.2139278,69398026.3354108
1115,69357343.5163085,69301915.9655598
1116,70881068.2880889,70838662.7282466
1117,70420832.8315307,70337700.5345664
1118,70026635.2588282,69929344.6578452
1119,68966956.7707811,68892281.5784086
1120,69060514.0521771,68972597.7189926
1121,67782301.8919833,67706782.5903334
1122,69359081.7822656,69296119.4664729
1123,69156567.5187258,69076388.5589258
1124,70751166.2103421,70696141.4082642
1125,69556335.132157,69446235.0725699
1126,69414361.7435412,69340048.8818871
1127,70384893.7406476,70292342.1514921
1128,70538048.7512563,70473663.7837621
1129,67875860.2816832,67786658.2821338
1130,70306017.7306743,70221151.3655148
1131,68637462.0581794,68600951.1584733
1132,68950321.7983342,68929785.7586675
1133,69281378.9127163,69213098.7208895
1134,70903510.3391375,70836566.3603619
1135,70156512.4846959,70068508.1357469
1136,70317904.4100383,70251674.9633414
1137,70718881.3818813,70656733.1408348
1138,69921302.4239875,69848674.6685555
1139,69723434.9167816,69632111.7944086
1140,68608096.18873,68554050.1554365
1141,70541055.5873409,70438082.2213545
1142,68834490.689912,68792938.6514328
1143,68919755.6878049,68879193.0686613
1144,70120095.7159528,70053603.3003976
1145,69842202.6933805,69765329.5774942
1146,71241170.4316013,71190018.2784369
1147,68663719.0923501,68632126.195443
1148,69076448.4878015,69004873.6891342
1149,66903500.2484324,66840927.7922549
1150,70140164.9225554,70049151.2947801
1151,69457147.8431314,69395762.5338946
1152,70034948.4491288,69930888.931235
1153,68049274.2393667,68021347.2800025
1154,68752416.7421237,68717220.9341753
1155,71129365.1430385,71096007.2665815
1156,70665107.3894383,70575866.8440053
1157,71168327.8154875,71077151.1617628
1158,71117926.4249735,71046652.9674143
1159,72513221.5737685,72446039.5587216
1160,69641725.8594853,69589451.2870601
1161,69230646.0789095,69173182.1588321
1162,69642605.9896671,69584864.4189778
1163,72894274.2252225,72847352.9793615
1164,67222700.1604997,67125646.689398
1165,67430878.5902817,67316986.6553411
1166,68552656.0681845,68483671.9130235
1167,69254450.0396399,69212747.5125536
1168,67689422.1861129,67582353.1697191
1169,69848712.6178468,69797670.6174869
1170,68899463.4464223,68809784.6502247
1171,69985621.4473732,69945184.3521777
1172,67815755.9625123,67738144.5328155
1173,71957066.0000767,71903148.5440263
1174,69098763.1383959,69002284.756114
1175,70702758.3373455,70606968.1931164
1176,71683361.4576913,71613244.3063003
1177,69728576.6303887,69694317.5559499
1178,69323551.8952989,69246705.9520768
1179,68445395.0773479,68355246.0752682
1180,71659772.7645962,71604199.2516161
1181,69041597.6169898,68936951.4970663
1182,69219643.8628788,69171043.4932099
1183,70574888.8107639,70501337.0406863
1184,68921956.8738497,68844508.3868172
1185,69320336.0756721,69224206.2831577
1186,70417346.0721902,70367506.9411425
1187,69180818.020663,69125454.3752581
1188,69896018.8907845,69831223.1800675
1189,67602053.4470736,67525906.3259623
1190,67395481.2738571,67324967.5365565
1191,68803684.9632614,68676284.0264656
1192,69210990.9054469,69119555.4901982
1193,68779939.5623489,68685112.4718795
1194,69380842.1650747,69315812.1757598
1195,69370548.529113,69275341.6410235
1196,73018812.8088045,72929973.7087328
1197,71212172.1523674,71148605.0237266
1198,66396612.3168201,66319128.5480748
1199,69121413.906868,69038394.2073885
1200,68747500.2952847,68660068.3682798
1201,69227990.8873429,69184119.8689814
1202,70146109.932315,70068208.2861056
1203,68913386.1927976,68833608.1301763
1204,68492567.1712738,68428949.4616945
1205,68565113.2875462,68533808.7836638
1206,68081493.4319015,68011569.5159099
1207,67848960.5648939,67790798.4097677
1208,67743215.8118923,67674072.8751981
1209,68428488.9722905,68352818.3462801
1210,67288005.5518749,67146411.8152269
1211,73031380.624487,72957219.5700947
1212,68921950.0983249,68832477.7815487
1213,70796348.2477888,70731160.7466416
1214,69065219.7937548,69023275.7907819
1215,68379545.6526019,68342835.7077183
1216,67820530.5299243,67717923.094002
1217,72284028.6886022,72225377.9191355
1218,70403707.6599052,70318648.4015015
1219,72006600.5062225,71958286.8656505
1220,68381169.8276458,68303301.0864005
1221,68288529.8024036,68170926.7426824
1222,69985962.4204222,69918151.4895645
1223,70823574.1254656,70726860.4233138
1224,71039599.9662185,70998750.0272418
1225,71856275.2790663,71770263.509846
1226,68687009.4578665,68606353.4027464
1227,70411887.217543,70358629.6479982
1228,69093833.8275832,68992027.8137422
1229,69501175.7240448,69434693.3461487
1230,70544874.045618,70454509.4172651
1231,68802371.5734516,68744966.4518659
1232,70119354.1078911,70044000.1657866
1233,66369269.1602707,66319573.1654077
1234,70347336.9621252,70261580.3704268
1235,69202109.1271243,69160916.196935
1236,70978066.4620515,70913963.4412199
1237,70396794.7531543,70321506.503135
1238,68577788.9887437,68537807.625067
1239,70091199.9321014,69998228.1515587
1240,69672794.7708523,69599587.1746627
1241,70816288.6687275,70715021.7282197
1242,69110699.8830607,69035050.1946958
1243,67396408.1323517,67353315.9588837
1244,71310333.5874293,71245726.4330471
1245,69977706.3504356,69901662.3640046
1246,71251601.8111764,71158129.6412096
1247,69789229.14054,69731829.1731807
1248,68549166.9861225,68474307.6562715
1249,69014419.3893356,68918725.2830364
1250,70353674.2558327,70271399.5503263
1251,68545677.111574,68470276.6378473
1252,69747157.6063053,69709064.8858207
1253,67855284.4033165,67809736.5930708
1254,69356588.1531724,69275852.4503923
1255,70455223.0233895,70371277.6736654
1256,67086517.3361076,66980592.1375212
1257,69704343.1696717,69614020.870353
1258,69067506.0167155,68996107.7285328
1259,70124614.7241613,70049858.848859
1260,72273849.1518244,72235503.519763
1261,70578157.5206247,70481998.4951038
1262,70017544.7895245,69892898.373264
1263,69605236.8821387,69526787.3907103
1264,70004500.7562547,69891582.2672657
1265,67782867.7674115,67706843.3522591
1266,70456823.9591222,70356772.4517101
1267,69551035.2332861,69466925.8228877
1268,69473744.6428272,69457763.8726508
1269,69935068.6719612,69870898.6871566
1270,67594923.2558092,67488035.8808504
1271,72678084.6005533,72638260.4789535
1272,68626717.0393033,68564037.6285495
1273,69204582.0182699,69146079.8758621
1274,70179079.0309601,70095476.7519756
1275,70222555.5166257,70129403.7811476
1276,70075702.6238666,69975455.3542361
1277,67687132.7192464,67606448.8364078
1278,69591198.4738063,69515763.1015753
1279,70140560.5214515,70077375.9833376
1280,69625355.7497972,69559115.6612927
1281,72293010.2290917,72214126.5880282
1282,68162389.7889456,68083043.2069146
1283,71003441.5104985,70883424.2606962
1284,71428612.2518338,71390116.4844881
1285,71649107.8171032,71572537.6438026
1286,68166379.8665953,68089155.6518307
1287,70773425.2703309,70686872.3174326
1288,70139057.2209623,70098944.0343339
1289,68184086.732731,68124600.1825658
1290,68922234.6930575,68850560.6053559
1291,70579210.2314077,70484244.0017485
1292,68047545.978395,67942360.8094158
1293,70116333.4921182,70054230.1909652
1294,71020136.8588722,70953998.941849
1295,69609408.3577043,69523111.3404044
1296,67404695.7940198,67324357.1857909
1297,70585595.7415697,70493491.6601674
1298,67869530.8889861,67829562.2558338
1299,70646697.0279367,70546236.5670136
1300,70395304.4600482,70333086.180657
1301,69243648.8414154,69175725.9199312
1302,68642165.1044547,68559935.8055716
1303,67864776.0092304,67815119.2870234
1304,70173009.0209746,70092256.7465123
1305,70735370.8568296,70689139.1114765
1306,67603332.6483552,67555700.6071448
1307,70629931.9957843,70570690.5845468
1308,68776991.7469394,68702886.0870061
1309,69527368.1390054,69464656.2093501
1310,68948295.1065388,68886989.8605507
1311,70216662.0213437,70135442.6382042
1312,68843848.2260617,68806262.1691408
1313,69785513.6829718,69714730.5142198
1314,67902713.6084901,67820097.5719063
1315,69525130.4022731,69445435.94893
1316,69809794.5545497,69683230.6292561
1317,71262705.4175509,71187835.1889337
1318,70976185.1984069,70895251.1605929
1319,68900957.210456,68794834.9001465
1320,70963262.7030997,70864477.8212384
1321,67765381.5352437,67704179.191218
1322,69664449.6029773,69586158.3154009
1323,69681195.7290096,69580536.1984362
1324,69888019.9091126,69819078.6745383
1325,68382476.0231556,68285719.6136397
1326,69472852.5406598,69391594.2643975
1327,68105022.2810069,68048550.1441819
1328,70137436.2213519,70070128.1814746
1329,70280854.5427088,70207236.4951012
1330,66924626.8867568,66847317.5109592
1331,69412358.3853637,69369882.8943865
1332,68745175.2890517,68648279.1490861
1333,70785204.5194447,70704659.5942718
1334,70332585.5563525,70280948.6321716
1335,69152215.4570991,69073973.2767556
1336,69377285.7476612,69323579.8947427
1337,69377163.4717939,69300665.2872787
1338,69452303.4231173,69371630.0457517
1339,69840304.9299144,69785850.1269768
1340,67739370.4248561,67653791.1570242
1341,70516365.0426113,70453204.7315512
1342,72798212.2684512,72762132.412156
1343,67564121.780419,67502564.0112743
1344,69835929.2013886,69807483.785591
1345,70193444.4172905,70132901.0943754
1346,67707657.1268814,67601440.607866
1347,69212550.1815747,69141226.418041
1348,69396435.2754544,69317067.3475026
1349,69661567.6373533,69567911.1762915
1350,71288114.5080927,71209663.6355788
1351,70827188.3214831,70767493.1633757
1352,68934072.1806744,68821816.3681491
1353,69767848.056081,69711475.6235482
1354,69499279.6819014,69453078.6742659
1355,69130527.3899591,69051097.2682289
1356,69281805.2968467,69223306.6338015
1357,70173992.5311341,70072042.3649476
1358,70314835.2518983,70260573.6779606
1359,70472001.2391024,70395473.8559411
1360,70464873.1956646,70378097.9130615
1361,69670081.8988116,69582931.2941513
1362,70473037.7602695,70384229.8462149
1363,70816072.3766906,70742718.4036692
1364,69760491.0348305,69666806.69442
1365,69597327.9561833,69496578.8014688
1366,69683346.0238001,69637524.2703137
1367,69266813.5472313,69226603.4035022
1368,69724756.4389447,69659913.3488906
1369,71112234.7624052,71026154.2531406
1370,70224517.2846988,70139232.7036448
1371,69637891.0296918,69545594.8361191
1372,68252403.2659692,68160394.5172487
1373,70049833.1155513,69985903.8503675
1374,68262644.4291294,68207123.5171206
1375,70495761.9185558,70398866.0289827
1376,66977136.6837533,66903049.2284215
1377,69515147.7537165,69479615.4030988
1378,69403129.4172562,69349263.0600984
1379,69901113.5971981,69841180.5155569
1380,69357341.5970663,69248866.9368268
1381,70948225.5063765,70908845.8601486
1382,71081176.0338154,71020081.9228327
1383,70612489.4752183,70506204.1510742
1384,68355130.1803468,68287298.9270764
1385,69490602.6110913,69408485.4792507
1386,69099845.3395004,68998311.3652067
1387,70242014.3792701,70152734.7179684
1388,68797535.63644,68716605.2289556
1389,69738844.8864479,69662564.4731021
1390,70270737.7154508,70168279.2787713
1391,70771786.2681529,70694644.2231517
1392,68459677.7319527,68381099.8327515
1393,68045730.8471096,67988332.8176609
1394,68943266.802723,68844520.9343931
1395,70210113.5449037,70169709.1247756
1396,69617841.7379997,69520992.911159
1397,67659606.3197328,67599735.3438424
1398,69121557.8041214,69011803.6567183
1399,69813557.1223099,69755861.4593259
1400,70911644.3229576,70829403.2734749
1401,69258310.7695467,69216947.9012129
1402,68747632.6575155,68667389.5401706
1403,68680660.2835877,68576925.829173
1404,70771705.7968687,70749748.8103426
1405,70028063.4198483,69974768.6029171
1406,70960786.6951519,70885080.7652818
1407,69972213.4578856,69941146.8954032
1408,70683648.103421,70624946.3270378
1409,72083287.7365534,72011421.6125024
1410,68785634.2139161,68704962.3130089
1411,69462537.1039648,69373038.9017299
1412,70727369.953176,70641241.8742758
1413,69912274.8528707,69840376.0052238
1414,72303585.6215192,72259376.0353874
1415,68616858.4130428,68571956.9931292
1416,71739722.647332,71698268.2483462
1417,69556844.4830472,69508691.6083676
1418,70442051.3681851,70311180.2757793
1419,70574468.4801369,70522372.9060173
1420,70660813.3175098,70595601.6256924
1421,68144335.7119233,68073771.3517509
1422,71245577.3266739,71154442.7159164
1423,68342495.3448683,68240183.0473708
1424,68740169.7295535,68685001.3003581
1425,69100789.7673597,69036210.3875109
1426,71165998.796845,71102918.5179065
1427,71041206.6541561,70944933.3658833
1428,70175756.8271398,70127783.3002431
1429,70687898.8652107,70612885.8933042
1430,69875443.2074293,69785634.2350816
1431,69151371.8616968,69070331.265074
1432,68411396.9269856,68344002.0861124
1433,71353416.9595767,71249811.1294021
1434,68353228.2996494,68267434.9048731
1435,67818455.4197909,67708493.3253484
1436,69097238.8194138,69003159.6126025
1437,71233688.5589882,71186275.3798928
1438,68766229.8723197,68682485.2351181
1439,69304837.2484939,69236432.7478052
1440,68697886.7396911,68611302.6189165
1441,69106157.7442256,69047020.51488
1442,69990287.1001699,69890678.6628106
1443,68600309.0446503,68570606.0942571
1444,68538413.3421684,68422847.005217
1445,70728583.14387,70657859.7093586
1446,67741606.0610899,67673727.6372586
1447,68711510.2559839,68643575.3935416
1448,69084345.2022517,69027010.8995707
1449,67704422.5211414,67642958.3232088
1450,71028818.1715663,70918954.4622595
1451,68772812.7245686,68674964.7243865
1452,70209800.7041252,70116395.8679686
1453,69127004.1693361,69026954.8733132
1454,69224858.7284712,69134878.285804
1455,70666356.2447652,70569131.1880269
1456,70428051.8294433,70329317.8610722
1457,67543541.0070765,67469964.5323146
1458,66696902.076732,66610606.9622647
1459,69358032.689941,69286474.3167636
1460,70313142.5545859,70246604.6177936
1461,68609657.2782679,68544786.5720635
1462,72346081.9652342,72264619.4416103
1463,69359989.7048463,69274133.2147038
1464,71332075.5880656,71239484.4067366
1465,67702562.1187162,67601193.211621
1466,69484672.2765725,69422483.8620152
1467,69469726.3212213,69448220.7135605
1468,71004515.2464458,70900750.6831453
1469,70840077.2762731,70748731.9831391
1470,69591824.6683641,69533929.4530775
1471,68973775.1546684,68889712.2617897
1472,67819237.9769287,67757217.2658768
1473,69563360.5191491,69486174.1234098
1474,69016369.4073181,68904900.1944649
1475,71642794.0766746,71593190.2581855
1476,72127601.1083544,72040612.5514344
1477,70178904.7315083,70131280.1531533
1478,69938562.5754835,69874225.7640121
1479,69510966.6023296,69408939.9143846
1480,68234587.3439304,68153910.7603415
1481,71127173.131807,71074939.7341547
1482,68282797.3967877,68241862.6875681
1483,68288713.3655183,68221056.3750332
1484,71273827.9711407,71225167.8891779
1485,70325231.5440302,70272487.4079172
1486,68472773.2715188,68396345.0612794
1487,70167671.7707937,70104055.9814403
1488,68590402.8617223,68499137.804092
1489,70055478.7257478,70017919.6048815
1490,69871643.1224232,69790554.3735254
1491,68333072.439647,68237802.3750178
1492,69291097.1687596,69257364.2428008
1493,72225813.108433,72178467.7731451
1494,66874838.4442474,66846462.9828587
1495,70599650.2832564,70537244.4088332
1496,69580935.2936012,69511968.1886326
1497,66928361.5005136,66824996.3299449
1498,69894974.1002132,69818524.6240159
1499,69956257.3598242,69904420.4324999
1500,68794646.4487896,68737008.7371319
1501,70849404.1520191,70793745.5661897
1502,69474123.7482069,69411260.7454429
1503,68700380.0820709,68593261.9175406
1504,68775211.0213456,68693678.0256321
1505,66592967.4220297,66501163.3743957
1506,72061558.2532893,71962801.2043335
1507,70179910.5010462,70063556.847789
1508,70283067.406062,70216582.1820233
1509,68935485.2452914,68876859.999131
1510,71297246.1363068,71244949.5926939
1511,68811613.9717816,68768429.1296288
1512,70277100.4660292,70198287.7043028
1513,70308035.641442,70268457.6737528
1514,70858967.740101,70791538.8308386
1515,69925981.2455403,69875865.8616569
1516,67662776.3364707,67581315.1162815
1517,67891211.1446778,67828873.5734588
1518,70391584.5483939,70308319.2027146
1519,69825732.7817405,69778671.2181283
1520,70959354.790593,70906699.1018124
1521,71263860.5082343,71224975.4579825
1522,66914830.7627412,66800933.8030739
1523,69651283.5425907,69599194.1439161
1524,68129403.5230209,68054312.8649966
1525,71975671.9354038,71884981.0535946
1526,71083718.3724687,71016909.6013715
1527,70712409.3478428,70641967.4584521
1528,71141684.1906365,71051673.7926083
1529,68781166.2266586,68685864.2046917
1530,71450865.9518599,71356328.1042249
1531,69566072.9642974,69475101.1903498
1532,70373125.7148169,70309766.2426857
1533,68967749.5032708,68893081.2958951
1534,70805776.5684283,70716688.8325612
1535,69686222.7367842,69587595.9278057
1536,68546788.5845735,68471475.1663328
1537,71021935.931586,70923447.2921484
1538,71008285.1067698,70921746.6106939
1539,69705069.9476536,69620345.3138929
1540,70375086.7029174,70306478.6087995
1541,67923193.8851649,67836416.1551321
1542,68405285.7045731,68324872.6106813
1543,70384905.2337892,70297797.5967533
1544,70603381.2185308,70562867.9585944
1545,68163035.4437434,68026248.3657586
1546,71046356.9557356,70978783.6852131
1547,67401888.150655,67286920.9574296
1548,68851129.5187196,68794276.8921124
1549,70927724.4341906,70801894.1642132
1550,71263213.3035833,71224318.4800329
1551,68275963.4695159,68198136.495509
1552,70777566.4809729,70690946.1483735
1553,71070624.654192,71027864.4170779
1554,71368058.893706,71350908.4414542
1555,70207057.22533,70158270.2544657
1556,69608235.4273705,69577410.1580478
1557,67445892.0214206,67430184.3107402
1558,69794302.5039265,69691253.8492813
1559,71053947.9901765,71013661.3703298
1560,70579340.8158834,70512421.5999592
1561,68515087.4503015,68426752.0465064
1562,69720841.5164678,69639274.2292184
1563,69502362.4711077,69405946.4272494
1564,70878180.034064,70816526.6034224
1565,70450270.9068709,70359776.9679089
1566,69164226.7650703,69053257.2320179
1567,68675313.1862351,68616659.2646975
1568,70067221.558659,69965976.9382677
1569,69152902.9663378,69081975.5621634
1570,70389309.6452872,70342063.760411
1571,69141864.9235522,69051359.0555111
1572,71034536.1116844,70939880.2000894
1573,73136693.8167661,73057967.9531591
1574,69399953.766863,69321457.9586554
1575,70773637.1503006,70716223.525525
1576,68578296.1378306,68449636.4686467
1577,68276546.1209725,68222872.3359488
1578,67975241.7957546,67904101.0172264
1579,69473377.5900292,69414649.0764123
1580,68716732.0957917,68681402.00319
1581,67971480.2875731,67902667.4007897
1582,69910188.8152251,69843340.2564587
1583,69648833.0189283,69586648.1520331
1584,71240563.9309308,71180477.1585809
1585,70218360.0825634,70150957.9164458
1586,70674360.8103781,70586289.5895539
1587,68447300.8860745,68384178.2441662
1588,69437364.7910413,69369525.2021967
1589,67055260.5877743,66982731.2089854
1590,69399236.1864697,69319695.0723284
1591,67948050.2657326,67843008.7328821
1592,72398319.2915474,72324061.2536461
1593,67581746.0884939,67500237.7134041
1594,70742518.3840671,70688131.8442811
1595,69032413.2633986,68963179.6808884
1596,68450774.3728311,68408060.0445633
1597,70025251.8817329,69955279.5381589
1598,69792823.4091924,69722617.4999637
1599,67710799.0018989,67622665.1821816
1600,68437918.5272505,68342149.4178275
1601,68008996.7801195,67959224.0138901
1602,70854427.5607274,70806540.5408836
1603,70425319.2029652,70355610.0765296
1604,69615594.3926628,69532944.7719748
1605,70932558.9382361,70873254.2314757
1606,69860743.2488656,69759580.0093967
1607,69064085.7116286,68962497.2976121
1608,69214212.7685797,69105131.16359
1609,71303659.7308528,71231907.0952945
1610,70880585.5325978,70770419.9535823
1611,68938931.954926,68915668.7109736
1612,72249539.9074486,72145417.0105544
1613,69766352.2064304,69697797.9687933
1614,70637713.186903,70579491.5604055
1615,69502852.4156087,69421138.6758086
1616,69793724.3045198,69704861.3888445
1617,70637680.2634199,70531942.7843007
1618,70412006.648189,70337694.0946695
1619,69319845.1397956,69227768.2553213
1620,68342968.3385575,68222618.5143442
1621,71561877.3717128,71460722.2337494
1622,68144851.0390865,68090622.6333852
1623,69117885.8087127,69038896.0725408
1624,69559991.9863528,69474166.9802224
1625,69247135.27694,69150481.8716327
1626,70388331.9809998,70318710.7822565
1627,70387743.7266621,70340092.3356944
1628,70260555.1234123,70166068.0302984
1629,68272878.2351606,68196768.5199747
1630,69810367.1296182,69711965.888582
1631,70454098.114928,70400079.2480782
1632,68210740.974539,68116854.9363088
1633,70029041.8424308,69936771.2744824
1634,69644664.7964727,69584279.0190697
1635,72038252.7004801,71990554.5347349
1636,69567734.6074957,69480389.2519233
1637,69896905.1659646,69838836.378758
1638,68603163.0231063,68548552.3798613
1639,70150344.7385524,70072455.3693763
1640,70150619.2089522,70104887.3232489
1641,69817264.5192926,69734221.7130423
1642,68348492.223493,68261960.359532
1643,69350432.0122228,69311778.8792356
1644,69906892.5392416,69853139.4181327
1645,71208793.5727175,71122179.8385312
1646,71499524.7792079,71445593.4883813
1647,70461769.408183,70375715.0874002
1648,68659991.7426837,68568310.123384
1649,70295953.2895054,70233780.815414
1650,69789481.4199464,69732566.0764119
1651,70003605.1365313,69907423.5074068
1652,70499351.8510503,70437332.5162498
1653,68801701.4818493,68734441.7980081
1654,69295300.0653927,69228452.3255403
1655,68256105.923637,68202874.7951341
1656,70031377.2607412,69969147.7611862
1657,69110839.1896214,69053313.007959
1658,70505773.7935235,70437816.0768035
1659,67986180.8362598,67897526.6167807
1660,68443358.3494272,68410174.9904869
1661,70087458.5680143,69994569.5150376
1662,69733114.4058301,69654922.1855155
1663,70484303.6784787,70402096.2709344
1664,68946425.9474299,68868490.3353949
1665,67293551.614935,67219216.3636739
1666,71503819.939351,71439528.7447515
1667,68835663.9747576,68771573.5563869
1668,70908948.9512266,70776034.2825638
1669,71998515.3836867,71923257.3227255
1670,70406643.5084469,70355004.7651226
1671,68740384.9708022,68634463.7268414
1672,70297864.2581004,70187100.7388168
1673,68358931.7732287,68289453.6788445
1674,68270688.4151909,68177092.197977
1675,68086111.6294002,67985266.1073911
1676,68900847.8999663,68846651.8199105
1677,70009334.1469925,69949604.1506533
1678,72728235.4211862,72659556.10433
1679,69469919.781677,69414774.1335654
1680,68762003.9808819,68709637.1778675
1681,69912898.4090477,69803550.7299218
1682,70533734.6826812,70440724.9937589
1683,69349516.7075584,69270067.9724179
1684,69636118.844566,69595061.0243147
1685,68307488.0745189,68246846.5522662
1686,68341740.2921467,68276404.2438222
1687,67240919.9591132,67187787.8616742
1688,68754482.2656617,68728208.2997836
1689,69877518.1351095,69824974.0766584
1690,70497717.3376615,70429317.0980878
1691,69708462.0713347,69653837.618948
1692,70371448.4532569,70305447.893507
1693,71723312.6587387,71669977.3428411
1694,68802608.7524088,68738338.5286173
1695,72019885.5719852,71940784.2207336
1696,69796001.6850354,69765585.8021046
1697,68758509.8563057,68654462.3941376
1698,70393492.7701827,70305221.6525939
1699,71762512.1681763,71674824.9027633
1700,69414659.4287283,69286014.6371282
1701,69964665.8814342,69872120.4042489
1702,71381598.111173,71288865.86404
1703,71461794.4746619,71451011.189154
1704,70075699.3800773,70009086.0307443
1705,71180600.5987063,71108587.4174499
1706,70180515.1710301,70090023.4281735
1707,71808149.0007027,71777338.2004494
1708,69537281.2045429,69509403.7914844
1709,70797925.5910401,70700896.7746512
1710,68753071.359732,68688275.2712112
1711,70553158.580832,70430135.7613367
1712,71469009.737007,71391010.9206916
1713,68389534.1219477,68329450.4727003
1714,69271848.6770038,69199543.6579946
1715,69114021.4058279,69042013.9667591
1716,70144002.0700547,70098655.6339629
1717,69570275.0468451,69505298.3219489
1718,71724782.6705899,71645859.773973
1719,69265973.3955452,69162814.3191237
1720,70631626.8215304,70586280.4710682
1721,70782567.4475608,70656679.7438259
1722,69577104.4052363,69492625.7643644
1723,71921061.3577933,71834054.1621965
1724,69947158.5524977,69873204.2770797
1725,69528396.9094873,69461890.1268068
1726,71007975.0832964,70941021.0304399
1727,69066818.7472807,68987144.3867069
1728,68544634.8274284,68497153.6659086
1729,70409603.1334702,70340055.9682656
1730,69228810.0579092,69155727.8717269
1731,70850861.9724874,70786959.2704948
1732,70707747.5097008,70644744.2442922
1733,70252994.8097097,70162837.8975502
1734,68570725.1785044,68484397.3166837
1735,68327156.1722256,68259300.0561143
1736,71232590.6750199,71131049.4464659
1737,70328430.2969186,70299473.6642343
1738,71093145.4283836,71060214.2728946
1739,71074196.4801216,71022289.937873
1740,70996646.7668637,70907188.3399075
1741,69366959.3960907,69274052.620905
1742,69965031.8091035,69877478.4288067
1743,72463359.6681888,72411637.4245256
1744,70792524.6157509,70657557.1731956
1745,68801249.787998,68720864.3171775
1746,69867028.8239991,69803852.5016161
1747,70962778.8297572,70915421.7559425
1748,70057546.8441675,69958121.9503933
1749,68868402.1218909,68771730.2576186
1750,70393749.9310715,70343725.2836349
1751,70812293.9944163,70746705.5125011
1752,68943968.0407253,68869584.9954603
1753,69767104.2815475,69694988.140672
1754,67953654.9081532,67846770.247616
1755,70255004.1016322,70161452.179334
1756,70033994.4878902,69970925.6940515
1757,69744794.5979402,69691771.1555599
1758,70050608.6964167,69933788.8480305
1759,71197019.9338586,71111803.4995175
1760,68440662.3386934,68345001.9050151
1761,70951964.2797933,70861380.3141229
1762,69722822.2836688,69640473.3113443
1763,67651021.9385515,67590199.5171057
1764,69003164.8877953,68949152.5371718
1765,69668453.5855252,69603192.5349335
1766,69928990.5040012,69889601.5635553
1767,71263808.8791707,71191424.6953502
1768,70459576.5109954,70346082.0611069
1769,68853913.3678474,68768603.854642
1770,71273286.876738,71191849.9641616
1771,68968617.7487193,68872197.7407224
1772,70349596.9788962,70311796.1261376
1773,67946765.9682075,67820483.740772
1774,70924995.620086,70841418.9989867
1775,68680029.840132,68626513.0074739
1776,68482725.7096671,68417461.1596361
1777,69257310.8406098,69150736.1064097
1778,70639957.0005977,70522629.5151891
1779,71596243.8362151,71549439.5238061
1780,69196011.5358067,69115509.1806311
1781,66274988.2659155,66237806.3419168
1782,68708033.6381398,68618616.1213846
1783,69011403.8565957,68938483.0302828
1784,70373540.0959162,70287364.3213095
1785,69875986.7119365,69799985.7680977
1786,69588735.0179573,69516823.2631099
1787,68287219.8087138,68216212.1302054
1788,69637197.6209178,69599055.7631437
1789,69117499.6975668,69039130.4553338
1790,69577245.4654923,69526758.7567342
1791,69543736.453351,69439030.5855258
1792,69436079.0809396,69335257.3029397
1793,68703686.7677814,68607153.8963697
1794,69333293.5222519,69245921.8468012
1795,71802545.7177539,71740923.1131608
1796,70606796.4816738,70560637.5176057
1797,68271019.7977121,68200236.1313041
1798,68405692.2595211,68331520.701322
1799,68681156.5732671,68651755.316087
1800,68149887.6996971,68044066.8743214
1801,70631250.800958,70589437.4326376
1802,69252148.6243442,69212920.612167
1803,70550681.8117274,70463905.3953203
1804,69810669.1021955,69737018.3366641
1805,70160958.6821358,70047716.2767217
1806,70439589.8009782,70316755.4729313
1807,69918398.1369684,69856152.0204027
1808,71768585.7882919,71682973.9071559
1809,69944197.8156697,69865199.187954
1810,68192294.100993,68127382.2618551
1811,71007973.8175978,70917771.9303562
1812,69043415.9335877,68957924.0645324
1813,68882807.8776626,68803928.4819506
1814,71919049.2604732,71825575.4536501
1815,71650705.5718256,71613045.2793723
1816,71126528.8573975,71090126.6866366
1817,69241628.886203,69186137.1973169
1818,69758466.5491664,69678556.5936622
1819,70584411.3645258,70516538.3512309
1820,71835322.8204617,71765623.3066552
1821,72471673.6757787,72396895.8776615
1822,69758320.2083215,69707442.2650397
1823,69743733.073411,69638610.6790581
1824,69002615.2790583,68961778.9342266
1825,68982965.1716868,68925114.0681928
1826,69990616.9562316,69933345.5602176
1827,70859893.5754178,70783998.4841372
1828,69314645.1701615,69245891.3732333
1829,70253938.5876857,70210141.4771183
1830,72073065.7675127,72023308.1376338
1831,69069676.550585,69022766.8823517
1832,69230711.6962491,69152879.8795158
1833,71712374.407862,71641063.9553983
1834,69406055.3150316,69350160.0055171
1835,68997661.1738119,68952068.9713677
1836,71638913.5269976,71603054.3181836
1837,69038631.6209233,68981742.1393374
1838,67932551.0823298,67865322.508008
1839,68479409.6463416,68395397.973896
1840,70334812.7458787,70283749.5531818
1841,69924638.4962787,69826658.721136
1842,70138602.8555815,70033025.0418941
1843,73636983.8020329,73576164.3886447
1844,70152961.0556717,70082734.9232823
1845,68227298.2347774,68148333.1526378
1846,70759803.2353039,70646752.6520379
1847,69839578.1308452,69729186.6334461
1848,71289400.8090853,71219775.8564965
1849,65621955.5071204,65508573.056354
1850,69502632.8084154,69442809.5414314
1851,69131391.5610355,69071876.8094415
1852,70692987.9347126,70627750.1639666
1853,70896400.9022753,70780317.4787475
1854,69299703.8889368,69236609.9760808
1855,70114501.7830072,70047395.8824359
1856,70232922.219486,70205675.4430041
1857,69033006.9570133,68955425.7263131
1858,71081608.7721325,71009543.5172341
1859,70696124.9901133,70571303.1839396
1860,69727338.1703025,69671651.8561251
1861,69347520.3971226,69265779.268762
1862,72235831.6187034,72190983.7381143
1863,68679715.6179982,68563284.3221014
1864,69718880.9740402,69673632.4801175
1865,71389364.1027918,71298825.3808645
1866,69389549.5986109,69349850.2659238
1867,69765514.6461025,69696615.194977
1868,69898853.0414526,69834339.4599833
1869,68181088.2176118,68084386.4901995
1870,68825215.1079437,68775817.1758139
1871,69442232.5781072,69405468.8417152
1872,69482772.1858802,69450603.8370788
1873,69983235.125904,69888840.7635444
1874,69421723.0083096,69393816.4472676
1875,71834226.9825151,71792754.1692771
1876,68181556.6680781,68102994.1256118
1877,67305568.7100133,67213403.7218693
1878,71038426.4762691,70979190.2369537
1879,69832732.9399431,69769763.2169198
1880,70565368.1495844,70494028.6285648
1881,69000305.5640548,68948962.0816694
1882,71404166.484736,71326926.2175837
1883,67473147.9999712,67446741.3991348
1884,69346913.5588371,69264894.471319
1885,68728515.6624943,68663603.3205225
1886,70985080.4713475,70924528.0930555
1887,71064771.9908623,70989656.9894063
1888,70337043.9116436,70200528.6895837
1889,71145066.8391261,71056017.0391024
1890,71771294.4947498,71707210.5307832
1891,71857084.137222,71769264.6206414
1892,70635416.4416602,70539622.931031
1893,67196196.9772367,67155001.9959064
1894,69032586.4491013,68980205.4306061
1895,70052760.1570756,70000699.7173816
1896,68551300.5031544,68505730.4344413
1897,68696423.8085834,68637469.4364192
1898,70350029.3200598,70285707.6913856
1899,69156552.2163311,69086553.9499299
1900,69203490.3585937,69175938.4612871
1901,68013701.6060987,67955862.6394315
1902,69904230.3411444,69819625.3157173
1903,69806609.2688507,69724993.5644298
1904,69808423.0931939,69713859.3871268
1905,68739527.3503723,68621732.2791259
1906,70237580.475933,70173879.8822459
1907,69673762.8739759,69559443.2638407
1908,67364869.6004949,67284866.2395904
1909,69605607.7667105,69523884.3137801
1910,68595263.3977694,68532044.4252542
1911,69625491.6544807,69562675.7259354
1912,70007277.3984725,69940339.8251324
1913,71263324.7380089,71185783.6738994
1914,71211523.1604382,71169586.9040577
1915,68123397.6444938,68007479.9648583
1916,68823851.6272925,68733159.1175708
1917,71106962.7511433,71057380.7938867
1918,69776485.7551815,69719979.7421421
1919,70591163.196663,70530989.5857727
1920,69115826.7392823,69047509.9389393
1921,68667774.2219486,68598934.4214337
1922,69961709.5840197,69865641.0098171
1923,67398163.068092,67320032.0928053
1924,69790851.1287496,69747454.8392432
1925,69151074.9691172,69126547.5112672
1926,70568763.6122293,70481467.9594036
1927,70767933.9441821,70700025.8215864
1928,71221257.8054964,71177681.4073205
1929,69621731.8460601,69551802.6176322
1930,68758821.312119,68695004.0446311
1931,71217919.5115807,71127489.786339
1932,69467538.7216129,69407488.2987039
1933,69935712.8909296,69853956.2355815
1934,70225849.7547089,70146801.6007434
1935,70038492.4957899,69942751.1392352
1936,69536240.0090692,69421214.3620519
1937,68676145.9111988,68633041.1426404
1938,71345948.3638338,71295455.1207473
1939,71729681.8598394,71602721.523861
1940,67843202.8047938,67750131.0373951
1941,68787779.446296,68730845.2424623
1942,67123988.0088605,67031147.7751039
1943,71124004.7627338,71069030.3198922
1944,69358127.5265817,69262465.1120063
1945,70105393.7116856,70039638.3222662
1946,67833873.5251615,67751927.9899234
1947,67902396.2637158,67849343.817556
1948,69314885.7260506,69205973.5572533
1949,70231340.3307655,70156845.1331484
1950,70300915.3203798,70219903.9973467
1951,68920659.1485019,68874500.4652275
1952,68247247.6981843,68163792.1067969
1953,70070554.2281277,69999320.1495522
1954,69553635.934513,69466610.872723
1955,69327053.6809626,69228620.9368145
1956,67642002.6966186,67590924.9373356
1957,68104515.0543001,68055040.869446
1958,68682302.762535,68575137.9201331
1959,70731241.0836316,70633421.0156753
1960,71724862.5015004,71674802.9603894
1961,71400446.4073508,71312704.2180796
1962,69204244.603864,69119466.6052378
1963,71054443.3939134,70971094.5005459
1964,72174584.1101613,72098325.6846312
1965,68581496.3404594,68513203.2382791
1966,69065646.8495813,68999994.9260336
1967,68474090.9879674,68415486.9097724
1968,69208302.7585126,69131620.416865
1969,67636246.1838265,67585555.0013961
1970,71724774.3568688,71655785.3059476
1971,69680793.6017464,69581744.5798112
1972,68721179.7275956,68665618.1624735
1973,68667013.9082029,68585229.8449691
1974,67154150.4666569,67103968.3862206
1975,68897369.867568,68850454.7226183
1976,69486365.4177103,69413569.6040921
1977,69053793.0365582,68972096.8764583
1978,68839983.756274,68775820.650227
1979,69035143.0388402,68964564.1592165
1980,70163223.3244171,70118080.584315
1981,69685957.5213208,69594804.0627755
1982,68869926.0218706,68792468.1020243
1983,68637928.6780679,68576071.8754208
1984,70784243.2760019,70721369.1718456
1985,69227653.7306208,69180103.3613034
1986,69950978.9901049,69887909.5042001
1987,68250267.7849446,68169440.254174
1988,69217906.2210015,69130441.0885443
1989,70438063.303049,70373371.187633
1990,69000805.3019655,68878738.7439535
1991,69059427.3536993,68988208.1067928
1992,70076648.7780475,70014515.1263208
1993,68758616.3691921,68651006.9960666
1994,68712561.1461821,68695168.4089028
1995,71708388.5558947,71617965.822731
1996,70699892.0090131,70623746.7992502
1997,69466457.9830199,69400502.9732682
1998,71119542.6405646,71040363.2970534
1999,67044632.769771,66968448.4089614
2000,69875196.2246501,69838314.425821
2001,69307379.8984114,69207833.7270915
2002,69259441.0263917,69180701.7908905
2003,72503613.4073041,72459137.2062696
2004,70609862.564745,70571970.6520667
2005,70576619.9467201,70557533.6642935
2006,70275629.1882945,70207838.4567777
2007,69741929.8136381,69659966.7606623
2008,67122360.4201788,67041878.4805952
2009,67815225.4203012,67755590.6917111
2010,68728651.2186896,68678733.4138496
2011,71142037.7457646,71071462.4964485
2012,70323787.8888966,70199363.3256203
2013,68241747.2608182,68178921.4849996
2014,69222703.2454334,69122651.4938446
2015,69671660.0528455,69613737.3844624
2016,67501600.6746553,67438159.3654595
2017,69060951.0138288,68965671.9024659
2018,71255648.1552358,71205850.9720961
2019,70868431.9873901,70768579.0588538
2020,70049333.9750947,70013629.1978055
2021,68990142.3270778,68915163.9962549
2022,70449515.872115,70352341.5946345
2023,70137595.6782959,70025715.2295061
2024,70153134.7790145,70087500.1998939
2025,69818235.9447936,69748317.8728969
2026,69741583.362998,69633856.3276818
2027,70401718.4166541,70326464.3264171
2028,68939143.2291372,68870761.847192
2029,69796711.1977304,69728778.7801746
2030,68476223.1678438,68440453.9147584
2031,70276363.7600031,70207712.5858055
2032,70807576.6851536,70744349.1712883
2033,69156687.8133693,69034000.9451548
2034,69928464.9900808,69860283.8210621
2035,69873926.158634,69791442.7344298
2036,69335505.5339588,69262068.19888
2037,69525096.4128061,69443241.3356002
2038,69095073.795495,69008473.1609678
2039,69349441.1676299,69276380.575184
2040,68790813.8432098,68712054.008114
2041,70945983.9740227,70889678.2803056
2042,71869535.7441285,71837007.9125671
2043,68764681.8105553,68667510.0993953
2044,68581896.4367358,68560044.2991115
2045,68257637.897878,68202174.1809282
2046,68748200.7463389,68631559.3462525
2047,70624586.6845176,70579419.3776501
2048,71287062.6753976,71209357.4148933
2049,69795094.5019809,69734139.0089955
2050,69043992.6840955,68978662.1971271
2051,69489266.2159451,69401166.3182882
2052,69385078.2477752,69344265.052248
2053,71605244.0983803,71502129.6862188
2054,69119097.4666651,69020511.0034218
2055,68737825.832184,68651148.846908
2056,68459706.8375622,68408011.0552863
2057,69838185.2656417,69801342.3854097
2058,68518389.8700831,68454358.2286458
2059,69814261.4122501,69705800.3245658
2060,70840569.1906722,70757961.2011877
2061,70829979.8237236,70734099.0961734
2062,67900842.6241608,67836752.3698871
2063,71441633.7869193,71354700.296576
2064,69745987.5643963,69702340.5782522
2065,70980253.4354059,70880958.9993245
2066,69683993.8096034,69590987.9846935
2067,67482281.9595945,67393373.5927052
2068,69926368.5486859,69860090.5414558
2069,70266319.9757993,70188899.7066385
2070,70441121.7084582,70380136.4263936
2071,70661926.0645521,70599875.2201123
2072,68301244.6490803,68231471.5062038
2073,68332421.4949967,68290059.8815719
2074,69617933.2935087,69569586.0634984
2075,70386353.7325645,70304341.9420433
2076,70906336.3394902,70897380.6264298
2077,70236262.3580274,70185536.1425029
2078,70330111.8528623,70253933.9063002
2079,71368890.0992166,71297172.2359485
2080,66840706.9593621,66775650.5513884
2081,70214049.5552432,70164094.1729252
2082,70528070.2736126,70470037.9807295
2083,69334144.409134,69232446.1164519
2084,69300116.7749204,69229344.0812777
2085,70624992.7337597,70561167.5156403
2086,70228827.8137232,70150067.360444
2087,69295086.2136461,69204626.616182
2088,68459964.7876959,68389553.7922891
2089,69963451.7774219,69883299.345511
2090,68215631.7659408,68142511.2579638
2091,69923713.9778842,69873643.7491437
2092,68437256.1900579,68332843.3561785
2093,69651632.8275,69602445.1668504
2094,68413536.3072628,68384349.0287014
2095,68193198.8799214,68076748.9437784
2096,69465444.1744723,69445696.858189
2097,70750034.6292329,70638906.0992638
2098,68393617.4922217,68304998.1742569
2099,68819283.080531,68779915.808993
2100,67983792.5648227,67894959.8873831
2101,68915121.6634658,68810620.3798803
2102,71198244.8971129,71131037.4785612
2103,69969279.4649054,69892654.8944375
2104,67549011.6279354,67466789.1487353
2105,68808795.195287,68692330.8870103
2106,68517816.022895,68454269.1581288
2107,70391971.4799454,70363193.5183922
2108,71594854.3127147,71499859.7511426
2109,70655382.2701947,70581785.0479636
2110,71923400.1498724,71852484.417151
2111,70121914.2534405,70014913.211596
2112,71105386.2621174,71049272.8446462
2113,69155505.5102759,69057118.2723169
2114,68668297.9218299,68639209.9713127
2115,68751316.6593441,68641638.8171685
2116,68205921.6756588,68118866.97708
2117,71058231.4412273,71008287.5718824
2118,69822093.6962716,69822604.3429689
2119,69189963.9465332,69101295.7489643
2120,70303599.9432493,70161123.797268
2121,70246548.5435046,70163406.291514
2122,71037671.1427415,70971204.180187
2123,68235591.1837611,68169222.3843305
2124,70895980.1405083,70847505.2615934
2125,71197522.6603657,71125431.8366546
2126,71618241.7953313,71567316.2418181
2127,69243934.8608282,69179912.234172
2128,68901768.8427045,68838471.9248895
2129,69065696.9005006,69023593.9380567
2130,68365735.7308912,68283638.4765619
2131,69261815.3758672,69233305.2750441
2132,70431642.7194547,70314071.6554628
2133,70106650.0023204,70026942.6579686
2134,68314110.9999709,68257060.6241316
2135,66797751.2573183,66707710.4069608
2136,70640697.8059297,70592811.7058597
2137,69847160.1989961,69745761.8779565
2138,68157521.5154776,68063127.7367738
2139,69956759.4131257,69904819.6250534
2140,70576364.1674415,70531853.1324909
2141,68720060.7697603,68685629.7122727
2142,69914818.125383,69830122.2529612
2143,70678362.7208488,70616812.0266696
2144,69220494.5995554,69150109.8513713
2145,70590629.5498894,70496726.4258932
2146,69590604.2285508,69512446.2098395
2147,68061587.8222409,68028201.0457153
2148,68303897.3302336,68228460.8049734
2149,68136213.7230368,68038233.9388734
2150,67988058.7499208,67894260.896296
2151,69097549.7231931,69005408.8242773
2152,69880079.1999548,69799731.7358762
2153,71809356.2596381,71715299.308839
2154,69512848.7335815,69384062.3316219
2155,70282561.1889984,70187879.8763445
2156,67323356.8729804,67221250.372234
2157,71208078.8406055,71136625.7204795
2158,69250784.0106083,69161354.1042457
2159,68704274.8018186,68647980.5430495
2160,71486703.6079215,71422475.9841329
2161,69068089.9910439,69022402.3094006
2162,69904191.105513,69846233.6634142
2163,71534714.3570409,71442253.5306345
2164,68955673.0423154,68821390.9196027
2165,68583911.7114303,68516616.7971029
2166,70246855.7032163,70150898.6312604
2167,71959618.8759618,71892173.7201632
2168,70968135.7681666,70906540.4366436
2169,70528661.1599027,70436794.4535726
2170,70235939.9162692,70174492.991076
2171,70126652.9835185,70051968.6981549
2172,68523702.3918008,68453572.8360054
2173,69729863.894141,69677781.959366
2174,69142013.2907885,69074497.6203655
2175,68486504.1146364,68358445.8218247
2176,68691632.9821151,68628421.3739989
2177,68248371.0097691,68186606.31093
2178,69751755.1653587,69694689.4407378
2179,68229672.0206717,68176382.100639
2180,68780405.2572165,68687474.9572508
2181,70285104.7710163,70213446.6480388
2182,72051855.2749415,71980998.6224889
2183,68990417.4978046,68912552.2525891
2184,70271265.6989007,70165387.8609452
2185,68253932.9411881,68150968.3116969
2186,68983301.2280988,68946097.7184438
2187,69804659.8730356,69713028.1711423
2188,69677254.0647878,69625993.746977
2189,70777914.5326167,70683717.5839544
2190,69841012.3570515,69780929.3443765
2191,71878735.2466885,71815712.3286332
2192,69730930.5926106,69638298.0769658
2193,69777468.9888171,69715341.1774056
2194,68294452.8492379,68217962.2243785
2195,69725767.2392787,69677147.9326016
2196,66965271.6254991,66864916.5661142
2197,71028481.4392249,70944790.7905027
2198,67533620.4895417,67478759.0835934
2199,69847411.2547762,69737187.7627316
2200,70090658.1864534,70034536.8719299
2201,70249569.5804606,70172932.1938362
2202,69876280.3555585,69821127.9100908
2203,67322239.8245383,67241731.0354116
2204,69858806.0758906,69733945.5837369
2205,70199916.091724,70079159.0110645
2206,69397305.7007285,69334490.8352012
2207,69968421.1110354,69888359.9940073
2208,67337362.9577462,67246286.4726226
2209,69879260.5503428,69784866.07456
2210,67806547.5289126,67725063.8462545
2211,70339077.6269013,70291941.5324788
2212,68485780.4124759,68432048.9636078
2213,68501185.6359516,68453970.1976493
2214,68548687.809019,68476162.9730545
2215,69164074.1844785,69097841.4869665
2216,70577829.5753244,70536728.2879393
2217,69082542.913504,68982221.1568512
2218,68088254.3024848,68026591.4292684
2219,70189305.9012861,70107740.5513861
2220,71291638.2630228,71205792.196182
2221,70481390.5668893,70435221.2083162
2222,71533831.6913198,71456859.5964629
2223,67971045.796449,67864877.7508846
2224,70752388.8610357,70651665.3472977
2225,69939954.0922384,69851201.236782
2226,68743397.8524248,68643804.1227032
2227,69963048.2818626,69886549.6032035
2228,70842843.9255676,70742586.7750133
2229,68806534.624161,68722763.9251229
2230,70030441.6103734,69944040.6427422
2231,69630324.2653766,69608080.8354763
2232,70675021.695169,70636114.0301778
2233,70423574.7421113,70351478.2800552
2234,68988484.4952646,68929221.8594159
2235,69471955.1115593,69433675.1326686
2236,68037321.8889465,68002769.5522131
2237,70642793.6133692,70572095.0857617
2238,68732127.187843,68694413.5395427
2239,66555242.651853,66496535.960817
2240,69337861.5012648,69311915.0155489
2241,70553086.0769748,70478821.5081065
2242,69472086.5822644,69420777.7655206
2243,68322733.8208144,68261805.5887813
2244,68958851.5800257,68886662.7447117
2245,69774675.2489215,69726662.6523727
2246,70588903.9542274,70512526.3395443
2247,70568473.0923737,70477639.4795612
2248,70941148.2080102,70926274.5727765
2249,68401766.4945838,68351980.2406963
2250,67489184.9905777,67422407.2537579
2251,70263447.9143263,70196235.5066742
2252,69413748.8829955,69352039.8594566
2253,69725851.8912579,69661512.4991705
2254,71313664.7000289,71256987.6033649
2255,69492316.5500496,69444563.2796317
2256,69949962.5357377,69899495.2678245
2257,70021753.9730372,69983357.0876737
2258,69695683.345563,69627404.716111
2259,68854505.4148723,68781179.9441716
2260,70827685.5413462,70714862.223881
2261,70200041.4081017,70123529.4370068
2262,68227467.1536713,68169075.4502624
2263,68412369.9017847,68347933.4110722
2264,70418217.3513629,70372925.9628939
2265,70838682.1899242,70797015.0720591
2266,70412809.0521969,70315401.641115
2267,67405452.9049282,67364788.6239634
2268,69732514.191844,69682140.4724741
2269,69330849.1619702,69243989.2328378
2270,68854051.0113619,68772369.2192252
2271,68411360.3310869,68328521.533522
2272,69261978.8675245,69146557.5843012
2273,68764530.1281246,68670537.620701
2274,70564770.5555397,70524535.0285212
2275,71562125.1635964,71477306.8892386
2276,70926373.6023375,70849127.6918135
2277,71268146.0977076,71232120.3044189
2278,68865190.7170823,68790895.5598608
2279,69920244.0628723,69829290.9178264
2280,69123785.6168061,69051119.6582598
2281,70262200.2100967,70202273.9815742
2282,68157900.6575122,68076553.23503
2283,69029052.7153469,68975424.5376456
2284,68334441.5525452,68249931.7760823
2285,69868632.2906772,69835289.4230672
2286,69123650.8667077,69043964.8628643
2287,69463321.3513224,69406849.0587767
2288,69728600.6218685,69692548.5186204
2289,70176282.7609538,70122060.4977085
2290,67470794.8791306,67391510.3113934
2291,70303404.3058952,70178815.3971798
2292,71263399.4182255,71186493.3754228
2293,70673496.1003044,70631315.8423816
2294,69837231.1054542,69773274.5801677
2295,70390704.3580828,70303282.6191828
2296,67723919.5061216,67620502.4074424
2297,67958449.053499,67864287.0891939
2298,68884499.18855,68830424.6593232
2299,70076381.2783008,69998271.0470417
2300,68783761.9801445,68704125.4282252
2301,68685322.9717131,68597865.1465327
2302,68318491.4829448,68248751.2525489
2303,68332520.8587532,68241990.8429003
2304,67417369.7483312,67362353.7179425
2305,69696905.2423953,69667323.2634432
2306,69833919.012847,69758385.2975436
2307,69183192.6456961,69100861.4618523
2308,71952422.0426091,71919078.6535527
2309,66967580.7197083,66925197.6297261
2310,70582134.6522864,70524890.5596126
2311,71171983.3385552,71091018.438861
2312,68799984.7114578,68732666.6058088
2313,69341196.9621194,69251142.8484368
2314,68970287.2591652,68933934.2659139
2315,69141924.2998747,69063262.6892082
2316,71065911.7983137,71046608.8529261
2317,70112960.1292387,70023936.2635441
2318,67600805.3102941,67541464.0696304
2319,69579427.7781484,69514340.8555607
2320,70271599.31841,70168355.185377
2321,69373365.5706165,69295473.650318
2322,70646050.1583749,70602716.7275524
2323,70140955.5539338,70073182.8862259
2324,68067677.970175,67993645.764395
2325,69192932.45485,69127460.3682425
2326,68993500.5641522,68911638.4009068
2327,69934749.2166823,69903480.8502063
2328,68555920.2348444,68456671.3168905
2329,70408810.342116,70333818.0673237
2330,68806600.5970736,68782339.2824772
2331,67526131.6715084,67469861.5475532
2332,70159037.8769245,70079920.2545391
2333,67479049.26839,67403119.4881268
2334,69628525.5993686,69544192.4993957
2335,71251514.7365538,71204556.8399278
2336,69939910.0472782,69815473.1424705
2337,68620746.1021903,68559053.5507692
2338,67673180.8343376,67603385.2592273
2339,68713829.1702865,68640730.3771845
2340,70889893.4302319,70814002.1122051
2341,69971891.9671046,69896805.3973591
2342,69374657.9805133,69294468.8422564
2343,69089962.8098215,69046504.5618806
2344,70634128.6255621,70594918.2035159
2345,70625888.6596711,70545537.7875774
2346,68862134.4225334,68761008.2762003
2347,70613439.4697818,70497714.6163627
2348,70004374.8421678,69948714.9968603
2349,68164447.9642657,68081693.3213466
2350,68498069.1873659,68391212.4452881
2351,69714486.2888206,69600512.573903
2352,69799008.466339,69750261.0588286
2353,69920335.1281048,69817399.2278195
2354,69378450.4139007,69285487.0759678
2355,67462486.2859436,67384195.6494778
2356,69307446.6851842,69237906.6470931
2357,68770132.9651189,68687496.632901
2358,69176930.4188235,69087551.5070859
2359,71001621.4339865,70971254.5634981
2360,69278841.7572531,69188894.1597157
2361,69649814.8864891,69551458.8763734
2362,70844165.3863151,70805244.3992657
2363,69326564.9401804,69254075.0203265
2364,68837989.5788656,68751024.0994692
2365,68324831.7124077,68202607.0778861
2366,71643315.7317547,71569042.7923407
2367,69476232.5716874,69406347.9939044
2368,67977668.8926513,67866842.9071131
2369,68588471.2099298,68513640.8068687
2370,71341440.2483281,71275649.6276798
2371,68805958.5452172,68711954.45023
2372,68673540.0238621,68576764.9179574
2373,69902796.5990227,69836670.104955
2374,71425572.932649,71359843.5534672
2375,70215743.5786866,70158960.9093923
2376,72339645.4638621,72258697.4553969
2377,69038419.474993,68926958.5251524
2378,69303839.1311991,69219608.7057142
2379,68806524.0690053,68739042.5009386
2380,69637089.4029221,69550936.2579217
2381,69680577.1554727,69606032.3084435
2382,72097929.266724,72049493.9056955
2383,68546426.8377053,68507198.2495987
2384,69681921.2191087,69586796.0382531
2385,67522947.3548641,67438194.2128068
2386,67878973.0882549,67790189.979627
2387,69719800.2018605,69658130.4348242
2388,69184226.3690642,69101439.0731169
2389,70957438.0968489,70871681.5844627
2390,67967833.2403732,67949264.9888213
2391,67733531.7489811,67644598.394207
2392,71004070.7474512,70916204.2706533
2393,70606185.1953266,70526369.0724053
2394,68916354.5351296,68834830.4174668
2395,70007526.1059757,69885811.3287555
2396,70045714.5564798,69995192.7676923
2397,69142033.8696977,69075112.615411
2398,70040134.3977585,69929904.647985
2399,69600715.1900703,69566122.3835077
2400,72374625.204484,72273528.9895272
2401,67434454.8794524,67364736.1344085
2402,68536122.0693972,68453794.3104786
2403,70010553.7535405,69924084.1706926
2404,69369904.8759243,69298339.5640415
2405,68827371.8385503,68725984.0153919
2406,71633130.581477,71555713.1502123
2407,70044444.5918378,69996149.5486414
2408,69843312.7870515,69725378.9679739
2409,71640174.0788035,71596032.1169977
2410,68466929.2540732,68370903.3702601
2411,70070338.2172244,70024892.8246827
2412,68733426.7348578,68651361.3032411
2413,72919342.811079,72855028.7189189
2414,69887532.8819082,69851314.4147137
2415,70904046.1011155,70872455.0788713
2416,68900665.3722713,68814284.6548156
2417,70114995.8120708,70033151.218642
2418,69528287.8481241,69446065.1479058
2419,70388535.2919389,70306283.741336
2420,67822146.1845014,67735430.3184984
2421,70389406.1186276,70348406.2051328
2422,69020267.9050331,68934342.0815556
2423,67888473.3855637,67823502.5560813
2424,68425545.9496008,68368514.5289676
2425,68193637.5871906,68093441.6288579
2426,69522457.9008122,69456352.3318575
2427,67576909.1878952,67519765.5095075
2428,71643168.0673823,71560737.6376856
2429,69832379.3019418,69779654.7582837
2430,67360583.8485156,67293934.7273773
2431,70365583.2213307,70313604.1866173
2432,67948569.0875598,67868851.7212654
2433,70311984.0595829,70229549.4173832
2434,69269222.7396704,69184440.550552
2435,68765842.6667134,68680569.3495953
2436,69097136.8736465,69023433.4348204
2437,71601828.815832,71550474.3286952
2438,69226610.0628484,69142783.6904773
2439,70405544.0918443,70344060.682916
2440,70850338.5532127,70769788.2370884
2441,66972740.7375915,66916786.4059026
2442,68142278.2519911,68048966.5013883
2443,69296650.5357074,69275799.0795145
2444,70540155.22624,70519988.190598
2445,70190466.3984243,70158060.1276898
2446,72586834.9191713,72520691.0678147
2447,71213712.3325217,71148475.399173
2448,67463429.9763554,67387007.8923175
2449,68959957.6231397,68891537.7074352
2450,70973374.3032385,70852626.5802418
2451,69571368.8510189,69490206.8796193
2452,68374283.2916167,68300879.4964788
2453,73506930.7811923,73450605.2498765
2454,69927308.5837791,69852734.528326
2455,69675705.7946285,69614514.8761901
2456,68255494.1053242,68170515.760323
2457,68820091.4616764,68775022.1435382
2458,70381266.3093357,70333496.1813068
2459,70606146.3858165,70478405.4117061
2460,69103233.0370454,69021481.4131556
2461,71928486.8724611,71870472.6432891
2462,71728679.8391501,71631790.3838409
2463,68454319.2371145,68406715.3687049
2464,70237071.4509783,70132328.7863297
2465,70135559.061115,70063436.3436665
2466,69914141.2518426,69820818.8337908
2467,66247120.9270109,66144860.6091703
2468,70945135.0107288,70880757.119358
2469,69602931.7904099,69512321.3071819
2470,69172211.1975813,69104557.1387007
2471,71709805.5790828,71608166.0923617
2472,69726476.5894712,69679338.7559935
2473,69664437.6050317,69612109.6937495
2474,71245184.0092034,71178811.2348736
2475,70634087.0895166,70554916.4381898
2476,69652707.7395577,69624062.0795206
2477,69956569.6287389,69860638.9609159
2478,69724920.2338063,69660485.6875165
2479,67277378.016888,67198277.2817661
2480,69255029.0138591,69172085.9902326
2481,69784974.7649279,69684476.7820225
2482,67695942.7684571,67666148.5693916
2483,70216801.2597959,70125817.6208585
2484,70329429.943881,70264206.6809152
2485,70062070.5628257,70019322.962213
2486,71680588.1166707,71625289.5134411
2487,70190553.8545446,70119550.2389553
2488,69327757.1057223,69233282.0959164
2489,69970241.4790028,69861873.9453711
2490,67802299.1802144,67715984.3370244
2491,69853001.1040858,69750610.3458979
2492,70329384.5716757,70261703.7634548
2493,69879865.9144422,69800134.9052336
2494,68139276.1161573,68055771.0427051
2495,71058472.1046254,71011714.4802831
2496,70251373.5970665,70177852.1511215
2497,70513950.7045943,70423932.8349814
2498,69503655.4795592,69425044.213502
2499,69968413.4566481,69905402.6420206
2500,69187802.8972593,69146015.6164982
2501,68639518.2485085,68545241.964714
2502,69156004.6359907,69055129.2600518
2503,68521969.9466731,68388010.4983826
2504,69720246.4715595,69630986.7458904
2505,69173525.2241144,69090416.5444853
2506,71383664.1702468,71309129.7564315
2507,68090339.9230903,67998802.7085535
2508,70495191.2672793,70441533.2374045
2509,70325286.9831474,70282007.281013
2510,70866734.7059526,70789293.243836
2511,70379407.6183908,70320456.4715828
2512,71116484.7084157,71004282.0972288
2513,69153877.6326201,69054382.6387603
2514,70730202.6645474,70667225.8328361
2515,69339808.206292,69300390.0145201
2516,68504799.1626686,68392510.6058398
2517,70865642.7656161,70751238.5109222
2518,69283555.5448552,69206283.5110966
2519,68304304.4286796,68208241.0808584
2520,71482114.6265366,71418804.689337
2521,69944967.9331548,69896602.1306724
2522,70275497.1549391,70216158.1529497
2523,70433871.8993445,70389879.1066389
2524,69813159.1999538,69725490.2624836
2525,71931102.3744057,71898910.0421324
2526,69567370.504996,69497039.4554674
2527,68998343.4106149,68884758.6377218
2528,71667036.687794,71565310.8781496
2529,70968075.4174769,70920674.7728839
2530,70216981.046136,70139034.9334271
2531,71022076.2741783,70986828.0528689
2532,68835677.5996213,68769597.3372235
2533,70426867.6879719,70361599.4675942
2534,68922097.1894277,68866783.337984
2535,67902402.9899386,67813531.6005512
2536,71378871.6152931,71355804.4717143
2537,70220399.8225449,70179586.9214952
2538,69232919.0747438,69128503.0853374
2539,68429452.898652,68356488.3528126
2540,69972727.1485291,69885615.7660914
2541,68179882.5446468,68080556.5019842
2542,68793397.2190597,68684326.7343775
2543,69161869.2440762,69067630.0570849
2544,69852853.8050444,69805189.1221623
2545,70779457.4950484,70722851.1424041
2546,68882175.2111128,68827354.4263021
2547,69818850.9673131,69750029.766031
2548,69611541.5388269,69538723.0079113
2549,71137283.0335128,71025653.3134005
2550,70185854.7536141,70133387.3278754
2551,69132736.6971203,69051085.0791309
2552,72178471.131076,72085064.8742267
2553,70223095.6290173,70186103.5714648
2554,71358531.0125707,71264595.5754572
2555,68360546.7194044,68276596.9403853
2556,70025943.6402656,69946709.6946477
2557,70911626.447476,70822499.4393421
2558,69793147.1357603,69724642.3380046
2559,68131458.8378211,68064360.8608164
2560,72083850.0876193,72005726.5118071
2561,69241224.5900939,69166565.5617848
2562,69990531.1209868,69889976.5479942
2563,68731905.0371951,68688815.2809012
2564,69286851.4697072,69209552.6314781
2565,70639437.3995079,70597028.1945913
2566,68751544.109896,68665592.7430156
2567,70806126.1988788,70759155.9232976
2568,67613058.3179227,67528000.1976981
2569,70023116.3512304,69925308.6646409
2570,71609010.9082319,71531113.4490338
2571,70052165.3939686,69978826.4155189
2572,68179380.9294601,68101659.2302911
2573,70549861.0667962,70490332.3096192
2574,70307148.6624237,70265176.6153545
2575,70833971.8639015,70721907.8498457
2576,72156675.3936719,72090623.6723545
2577,69580157.7204004,69517137.4028214
2578,67722477.9949452,67661437.4835538
2579,67685946.7894431,67582823.9735277
2580,70443696.6203943,70374603.1642012
2581,69246511.0949244,69171026.4750402
2582,69939252.9169354,69883857.1871053
2583,70102576.4166154,69995122.1404947
2584,68642516.3048267,68575956.0003992
2585,69200071.6722532,69077732.6055202
2586,70070315.20025,70002934.1284865
2587,70025450.1084889,69924264.9729605
2588,70716637.5611611,70631458.848988
2589,71708745.78115,71646397.26965
2590,68999699.7545776,68919473.3303478
2591,71497873.4353603,71414141.7439283
2592,71997596.6374861,71913789.4415839
2593,70503741.4926598,70386303.7746045
2594,69853153.3582985,69775190.6351071
2595,70376157.0063335,70299142.4448535
2596,71851730.1396687,71778387.2450961
2597,69868110.0361971,69805243.1436438
2598,68445636.4203739,68364251.8342043
2599,70372635.8728168,70315197.1131396
2600,68538113.0052157,68471372.3572771
2601,68954314.6412126,68897442.5330914
2602,67806530.1587486,67724313.9791992
2603,69100112.4689112,68986934.7602928
2604,70319924.0563694,70200868.336372
2605,68315053.3725784,68240161.3411635
2606,69310027.9730516,69234747.0140535
2607,69627515.2121783,69543810.5056593
2608,69760775.445143,69703488.8269697
2609,68404184.3658541,68274956.7101469
2610,70230645.5738625,70175175.3132912
2611,69794019.1549452,69727760.9583751
2612,69921010.1791295,69846516.3063918
2613,70365220.2224056,70318941.3959961
2614,70713536.0334207,70625999.3826688
2615,69962611.8800853,69903439.2326598
2616,70173794.5256443,70145508.433904
2617,69829648.0225737,69723078.6726381
2618,69354575.066698,69256689.559027
2619,70666366.8650323,70650489.7417844
2620,70492053.5260368,70382992.0745638
2621,69401691.8031826,69328508.5880739
2622,68961635.9508626,68888289.9895728
2623,69291337.8947632,69220654.6842996
2624,71846189.671469,71781185.6410085
2625,69900140.7457068,69850225.5286404
2626,70593331.8507802,70520828.4762081
2627,70489390.8993223,70405003.3958657
2628,69609716.4369904,69564617.3173154
2629,68162367.9776649,68103608.7240022
2630,71614998.8721744,71570260.2563445
2631,70820151.9262894,70751172.3790997
2632,71840041.9783858,71742646.2469588
2633,70048526.3571694,69987745.9510617
2634,70152065.6481583,70105300.3730894
2635,69502902.6020253,69420288.592095
2636,67005958.8025709,66903381.0167846
2637,70693072.8615512,70623495.3824936
2638,68176384.9069349,68076123.3465911
2639,69549028.7224381,69514826.7575417
2640,70925085.2827684,70858337.6383884
2641,70417926.217576,70334929.9801834
2642,71616365.9547401,71587148.2966824
2643,66777342.7667353,66709035.2980738
2644,68832011.8809825,68734895.5476573
2645,69209843.9136748,69124207.0068482
2646,70852725.9914697,70779200.3878279
2647,68036398.5719036,67953472.2075337
2648,70236388.1472245,70159038.5525969
2649,68632965.0292409,68583673.6609177
2650,70961446.4683736,70902446.0287369
2651,68801701.6753927,68711519.7826939
2652,70271131.1595501,70183608.974683
2653,69890338.5215807,69802279.7234249
2654,70868092.1685102,70804404.5717796
2655,71304542.5413625,71263021.4050605
2656,67962093.4966664,67887966.0890767
2657,70807635.869534,70723528.0178779
2658,71925970.4168541,71912442.1123535
2659,70870372.8936723,70805521.4239275
2660,70162360.8547358,70071203.4977407
2661,70362671.5930689,70307053.6943451
2662,68188850.9187772,68141426.1626673
2663,69102640.115954,69044225.4060391
2664,67930797.9897142,67893202.1965012
2665,70793996.6161584,70715837.8150366
2666,70598809.1553479,70544398.5812079
2667,68907285.37997,68821353.1222092
2668,69090669.0704643,69000092.7510626
2669,71103142.497552,71053234.9629005
2670,68064556.45026,68006623.9049082
2671,69440030.256532,69360396.5611564
2672,69636410.4625326,69591326.747725
2673,70719251.8031345,70670026.4254438
2674,68082614.1154079,68000547.8172192
2675,70443170.59821,70382136.9274308
2676,70335263.5029781,70242663.5745547
2677,70485105.7256652,70369273.2597351
2678,69654049.7842456,69598608.3534889
2679,70113857.9244666,70048678.1544455
2680,69305050.3045224,69273868.0700645
2681,67954154.2363232,67853430.3458838
2682,68683907.3101295,68579926.0704623
2683,68325748.8865038,68218171.7453382
2684,66839230.5943304,66770767.4376578
2685,69149548.9538037,69076346.3830587
2686,69454552.9995547,69356810.9652315
2687,67600670.0780516,67499837.6740504
2688,68243633.983857,68175154.0605556
2689,68909870.1330682,68830186.0188372
2690,70991585.92776,70918627.9799855
2691,67893576.1952013,67840825.612643
2692,72375044.4479931,72332343.5736748
2693,69787680.5520874,69659442.6534812
2694,68235858.2840695,68197274.108849
2695,68955929.6808807,68881684.4957609
2696,70177865.1199074,70098949.4128906
2697,68720788.4731611,68634169.9339723
2698,71165851.889364,71084185.1099566
2699,70557713.6572179,70502683.9392402
2700,70551945.1599691,70449678.8642701
2701,71598674.795431,71536694.7621386
2702,70765580.4468631,70704341.7755676
2703,69522825.9317261,69453902.1559423
2704,67885312.8930694,67782108.9586848
2705,68615389.510011,68522222.3693977
2706,70254585.587542,70149243.1712126
2707,71152134.4574016,71050313.8535518
2708,67297242.6603252,67171632.5989857
2709,71012410.4584735,70942891.4847445
2710,68700899.969371,68666393.9510112
2711,69008520.7137168,68890820.5319063
2712,70196676.0614698,70151159.6987734
2713,70282297.1889257,70207904.6647367
2714,70024716.5814575,69893430.3661333
2715,69237461.4823439,69125568.5608009
2716,71782895.5733848,71685654.6780366
2717,69388613.9023862,69249502.8503105
2718,69483896.7563589,69409175.558615
2719,73174370.3491999,73128976.5181678
2720,69007061.0727499,68967861.3576766
2721,68082087.6699192,67992188.4465763
2722,69800816.8249851,69731127.9549282
2723,69520637.3198277,69477475.750924
2724,68992710.2540282,68897054.1309765
2725,70470776.0401901,70387070.7576503
2726,67716725.1053506,67627335.5750508
2727,70855246.8100612,70781347.4937945
2728,70050471.8111157,70019121.3009263
2729,68770998.3714913,68719517.916769
2730,68423110.8870729,68349397.6292667
2731,69919083.1992718,69835059.4660975
2732,70289388.2993703,70203192.715308
2733,71625025.8919542,71575490.7926688
2734,69971252.8858498,69873950.6340832
2735,69002359.6469631,68891768.0709871
2736,70357780.1561623,70289553.3760071
2737,67864295.8278385,67755318.8974899
2738,69615036.2753761,69567701.1267019
2739,70359903.4769542,70296721.0682664
2740,70517741.048798,70453494.4718507
2741,70398285.9941791,70280513.6787702
2742,69018217.1701807,68968409.8270586
2743,67616283.1754383,67496557.0908161
2744,68738171.5132789,68669846.9192446
2745,68843427.3571189,68753237.2407825
2746,69305606.96386,69214967.2804725
2747,67211642.9114757,67138668.7391543
2748,69539637.7761144,69441327.3250097
2749,69707683.1860257,69675022.5069467
2750,69698341.5521023,69633698.0883483
2751,67235714.2774227,67170821.7169462
2752,68244715.2312229,68160055.7216959
2753,67571782.4620355,67479933.1754103
2754,69396904.3266455,69341105.2895031
2755,71031707.0473034,70937305.0401637
2756,70313735.8058782,70224117.8696457
2757,69847244.6603017,69774433.1855362
2758,68512966.4733553,68433864.2110906
2759,69090160.3507553,69026982.6717681
2760,68774051.7012173,68707047.9186517
2761,67451721.1491317,67421106.287746
2762,69512886.1085253,69445936.8660272
2763,67928985.1280794,67835391.0495076
2764,70001755.9674363,69968061.6992725
2765,70852538.4828625,70765675.4642493
2766,69929884.3279699,69856626.6516203
2767,69802175.581275,69742692.8341809
2768,70044859.3793818,69975043.5989711
2769,70380951.6518084,70286652.6080081
2770,69483753.2195438,69404822.2239245
2771,68577798.7807227,68473895.1632353
2772,69455425.2253052,69385779.0452621
2773,70574120.6210952,70506555.1010863
2774,71095524.4626145,71016338.3710283
2775,69884083.3551552,69820672.4440802
2776,69934034.221138,69867623.1337419
2777,69037016.3913303,68939601.9864717
2778,70518351.8865701,70457958.0562615
2779,67823506.9669539,67711732.6104358
2780,68013640.9749326,67942393.480888
2781,70151280.4895106,70084379.83271
2782,69968225.6887857,69882055.9628364
2783,69727770.9403348,69669165.9835564
2784,69503374.1113782,69412442.8383973
2785,70322659.1564418,70266256.0595261
2786,70201961.2543473,70146180.0294729
2787,70049440.0357368,69944796.330522
2788,70169405.9030975,70081970.4732528
2789,69750359.5373145,69695627.3208414
2790,69484124.1818741,69381681.0754833
2791,66422096.240918,66331957.301466
2792,69830277.8937117,69788397.2572411
2793,69163924.875875,69109835.6723633
2794,68655438.5079802,68582027.4282345
2795,69499096.8605654,69414416.1554509
2796,70141994.038119,70071088.0760494
2797,70470607.8604737,70413374.0072245
2798,68116761.7737911,68097176.4716295
2799,71003627.5630579,70962145.312486
2800,70569705.8601854,70511853.7265397
2801,71348083.7552041,71262063.2932039
2802,69078509.5795995,69005647.2003042
2803,69708368.2558957,69644667.57883
2804,70817150.4869332,70757422.3817201
2805,69140924.5959583,69056050.8912301
2806,68973411.0168488,68890417.8622452
2807,71145979.6421562,71086183.8117577
2808,69933463.7874435,69864541.351443
2809,69623495.1484228,69536329.2809828
2810,69345516.6212771,69244704.747864
2811,70934634.1319168,70859219.1319323
2812,71931481.1770231,71887022.5188231
2813,70567638.5678063,70521051.7651011
2814,67962668.7248761,67840733.7070163
2815,68452470.8312786,68352282.1699214
2816,69027086.947707,68976138.6605003
2817,69129086.3257009,69074973.4225072
2818,68867702.8803174,68791373.9288377
2819,68915762.8038842,68808669.5711711
2820,68269692.7567119,68175335.875556
2821,72526717.2915924,72418369.8500023
2822,68565579.2585353,68470530.0478213
2823,71561655.5362228,71492580.7836122
2824,69429595.5493886,69397576.8669169
2825,70230000.5224577,70191973.4822621
2826,72793294.027294,72721836.7497075
2827,71133097.28632,71081190.1072941
2828,71015653.1937418,70939562.9406397
2829,70890717.8655532,70804866.7580498
2830,67816886.4331504,67710909.5876568
2831,69009165.8690871,68904241.4742797
2832,70191536.9818542,70103496.2156013
2833,68659494.085654,68629107.4446467
2834,68483543.1403323,68428654.1820493
2835,69835673.2236598,69787211.9778955
2836,68180619.0145268,68133037.4437245
2837,67559277.8758894,67509781.8207745
2838,68670646.0376896,68604277.7347905
2839,69053976.4807926,69012111.1386534
2840,72406964.1035148,72356207.845013
2841,69403432.8189639,69295391.8242837
2842,68192213.8536188,68144846.1690626
2843,69429052.1465555,69356385.8097326
2844,69062407.0476023,69022208.918907
2845,70029638.1888599,69923501.212817
2846,69284830.2376105,69240950.7426444
2847,69200981.4801019,69130655.8194164
2848,72763639.5309654,72715196.6743186
2849,69293914.5832357,69245244.9581154
2850,70210210.760835,70155164.3910756
2851,70841278.4998142,70759030.9535713
2852,71454875.7739673,71358224.7211714
2853,68821694.8428274,68737877.3585438
2854,69804528.6039744,69672852.7504543
2855,70581477.4299729,70537751.7214044
2856,71361354.3148744,71329947.4883718
2857,69462208.7416605,69368133.3184464
2858,68954428.6558445,68870625.1825533
2859,70225593.6147174,70151901.988304
2860,69768835.2302311,69702021.2459279
2861,70582163.6541951,70533770.6164544
2862,70358165.331845,70269561.2494552
2863,68883819.1703101,68804997.6647495
2864,69381648.1542916,69311991.165631
2865,72320946.9567482,72267978.9890397
2866,67845204.1046726,67801796.9161728
2867,69246499.7958245,69157922.8045347
2868,68426001.0431899,68339276.6726339
2869,67410166.2729157,67314016.5068952
2870,70271909.0226266,70181338.7775309
2871,69715349.4593569,69623219.5994613
2872,68524466.4283414,68471267.2011344
2873,69777552.4060362,69682960.7339806
2874,69220621.6895526,69169130.4581483
2875,69665078.2696035,69585639.6907296
2876,70673777.3043956,70602326.3133705
2877,68246026.9159668,68161726.7625808
2878,69264365.5378396,69168094.0088413
2879,67617921.0986798,67566396.9209399
2880,68056924.0854824,68010920.3380273
2881,68833065.2462406,68753743.5290338
2882,68814725.0195813,68747404.8185614
2883,71021979.5474866,71025138.4823438
2884,68621669.1057401,68547779.1482359
2885,69223470.3588683,69190337.7039276
2886,68608843.9766077,68550569.6550619
2887,70405814.5283362,70340578.887774
2888,68930828.1676483,68870441.6712044
2889,70037577.5730088,69980558.8558023
2890,69929421.1817801,69854929.7706908
2891,69658925.3662272,69567146.4790415
2892,68981618.3718244,68885140.2927599
2893,71349244.800693,71328159.0240371
2894,69132260.5350634,69037773.1893798
2895,69842882.6234622,69752560.5798548
2896,69442956.168432,69355125.0176683
2897,70133204.6589255,70090807.5384863
2898,69705825.1103877,69625310.8774928
2899,68997064.7235827,68943955.3808886
2900,69905280.5023807,69850064.1299547
2901,68097066.7980013,68035024.2995593
2902,69899113.7759758,69812837.1570284
2903,70036521.6983631,69956773.6304389
2904,68758462.6351864,68670228.8053611
2905,71345411.7598696,71235366.3270045
2906,71894212.0631423,71855297.4898859
2907,69483299.6827599,69350684.2504421
2908,71436546.3698449,71377502.5987624
2909,68565434.7044828,68483706.2306764
2910,67930440.1581684,67858162.5176153
2911,69538381.0370186,69425387.5285827
2912,67628087.9843763,67534618.0212345
2913,71825530.4004409,71747832.0055289
2914,70145071.4260649,70075052.8994958
2915,68708282.6339217,68618831.2069621
2916,68713812.7961641,68604829.0325531
2917,70149194.6155357,70080204.2531099
2918,68430624.0059447,68338111.7544117
2919,70044419.2612209,70002713.5178652
2920,69670312.2435135,69567337.7978523
2921,70615611.1962336,70560751.3916666
2922,67647897.9428939,67542065.1203129
2923,69835682.2838863,69782704.94406
2924,69706462.6947154,69638601.891901
2925,68716069.4382756,68677242.523433
2926,70024969.3155994,69994834.0237087
2927,70081836.5710076,70004548.2771516
2928,68679966.7075175,68631211.0478305
2929,69781270.2924041,69744245.5571984
2930,71036284.7787219,70996559.7302878
2931,69017467.6669676,68981647.5907252
2932,69601388.2105572,69550456.8686183
2933,68460868.4168961,68370242.267034
2934,70966791.4258655,70878149.6118197
2935,71073053.230537,70999671.7633986
2936,68633439.7980998,68590611.1622039
2937,69206956.2648588,69178375.2074687
2938,67762439.7919732,67670046.1242542
2939,69633069.0412998,69547658.6843068
2940,69075555.668453,69004725.3703383
2941,70516986.2388304,70445375.2157922
2942,70282865.3446522,70193043.8640158
2943,70722485.8882241,70683390.496036
2944,68357088.2799376,68282040.60946
2945,70389240.6693176,70347282.3171386
2946,69594872.1804835,69490692.5871276
2947,69361721.6426691,69257713.8990954
2948,68191110.7645365,68141942.4134196
2949,71158314.209855,71061181.8032324
2950,69750610.1843361,69698040.3793369
2951,70496317.380382,70376655.261545
2952,69652925.641736,69583433.6322825
2953,69220443.297426,69141171.6236272
2954,69808258.8124289,69740020.8045764
2955,68602032.7455298,68524284.5587
2956,71567215.4217878,71497295.4225912
2957,67153812.9777534,67079475.9678228
2958,69622660.3198171,69547894.9059355
2959,69885404.80883,69782387.2288644
2960,68140411.7303718,68059203.6672356
2961,71125294.8322508,71063793.4603285
2962,69547046.9988536,69427815.3852417
2963,69359275.6019564,69287312.1640204
2964,68350364.3440274,68271059.744734
2965,68449497.258817,68393019.4415743
2966,70158538.8873348,70099414.3355553
2967,69091409.8140233,69000535.1647226
2968,68314411.5649057,68205467.7729992
2969,72257047.3203903,72163044.9603618
2970,70057441.3485813,69983454.0948816
2971,68883008.1614332,68809869.194129
2972,70508467.6476096,70431207.9814511
2973,71797158.7122135,71680489.861195
2974,69848035.3489618,69786933.2412533
2975,69997043.5270384,69977285.9785196
2976,68835050.2254743,68757438.4636735
2977,70610582.0249654,70566813.407565
2978,68784695.6742547,68682733.4297404
2979,68556455.1416877,68490555.725795
2980,69520702.648443,69456207.3830308
2981,69858640.6981689,69791793.1550035
2982,70365715.3280965,70302505.401849
2983,68909956.2363508,68805706.8880238
2984,68132056.1071783,68045597.1614284
2985,69226638.4004957,69152290.9225944
2986,70309075.2686324,70221407.2713119
2987,66967256.4570003,66883444.318443
2988,71183994.0025798,71122627.7869995
2989,70043675.3883298,69994642.4288115
2990,68656640.3887709,68582769.7191693
2991,69824629.1384725,69731854.1343327
2992,69530383.7402786,69513663.1174716
2993,71051504.2217404,70987171.2345024
2994,69974155.4069991,69919725.3863491
2995,69786724.4209053,69737299.9487729
2996,70592139.0810475,70494247.8153501
2997,69474019.8313573,69416212.7147923
2998,69723043.5110702,69623439.0638305
2999,69881821.5388906,69803641.4085271
