strategy,date,cash_yuan,plan_yuan,emergency_yuan,emergency_kwh,terminal_inventory_kwh
D,2025-02-01,23512.05477002741,21684.774084166515,1827.280685860896,446.9636728354396,8368.653047036012
D,2025-02-02,56716.58667931274,55770.56455403908,946.0221252736573,193.68167739820657,8180.288864197537
D,2025-02-03,57597.2650651667,54327.01019873688,3270.2548664298215,897.5973537678459,8039.892242051315
D,2025-02-04,61007.49538532105,53682.30828709583,7325.187098225228,1798.4529944684145,8196.100508324804
D,2025-02-05,59844.92924589829,52965.01121861893,6879.9180272793565,1963.4426768364133,7999.966744098969
D,2025-02-06,59512.59890111638,53151.126785115215,6361.472116001163,1711.3792675743591,8114.5973532322305
D,2025-02-07,23904.955009338213,21058.82933044402,2846.125678894193,548.4268821198676,8146.2436029356795
D,2025-02-08,22338.83076377581,19915.207935800256,2423.6228279755574,649.847678972889,8005.634179012351
D,2025-02-09,60958.303787563076,52000.01184024327,8958.291947319804,2563.7559464306137,8015.425789885299
D,2025-02-10,54539.10485407441,52167.263754212894,2371.841099861511,727.0786903348912,8050.7521439795055
D,2025-02-11,53803.73490011543,51023.0147603916,2780.720139723833,669.8652641762308,7990.176893747055
D,2025-02-12,54839.172703406104,50405.07903614384,4434.093667262263,1073.115353375003,8075.350512946092
D,2025-02-13,52327.90322002911,49733.73949299664,2594.1637270324595,841.19896444866,7291.663706185154
D,2025-02-14,23763.17591536464,18433.7625456651,5329.4133696995395,1820.99711369153,7295.413583483627
D,2025-02-15,23448.942140909523,18717.209833399793,4731.732307509734,1484.4002657105602,8126.845360479787
D,2025-02-16,57037.734396933956,48866.607671079975,8171.12672585397,2191.47940878847,8049.433524691356
D,2025-02-17,51442.00293947343,48964.76088682252,2477.2420526509013,764.4119466995255,8012.864728395068
D,2025-02-18,51618.856664705236,48064.753687928125,3554.102976777109,835.98345003618,8087.875028681739
D,2025-02-19,55721.41914115385,47620.58258902954,8100.836552124313,2049.0153988918237,8034.874536576599
D,2025-02-20,51699.838555571165,46578.420115056644,5121.418440514528,1357.5767643001084,5908.3208310890395
D,2025-02-21,20286.61437313513,17739.22948987111,2547.384883264018,735.8801395193234,6028.948227103806
D,2025-02-22,25940.48274852266,18666.572675571355,7273.910072951305,2033.8936415731368,8092.5109828797995
D,2025-02-23,52847.888962918485,47219.34931353554,5628.539649382945,1646.6819039367447,8012.910069689274
D,2025-02-24,49725.741963425826,46973.217752270386,2752.5242111554444,682.3968304705033,8092.233627094175
D,2025-02-25,48738.73938523328,45959.52034325762,2779.2190419756694,788.0893124610647,8049.619750077029
D,2025-02-26,49839.46558975819,44916.46002372076,4923.005566037431,1294.122675881525,8083.6264968182395
D,2025-02-27,50012.84671939247,43650.057922604254,6362.78879678822,1366.0481002211925,5764.5059532842915
D,2025-02-28,22930.687753415994,17281.47294736327,5649.214806052722,1560.288143543219,5911.197270686758
D,2025-03-01,21861.58152799541,18106.904556248395,3754.676971747013,903.559532857223,8149.58137083896
D,2025-03-02,62128.58388738446,45230.61718898355,16897.966698400916,4586.9285661990725,8023.388757401993
D,2025-03-03,58501.04511647471,45689.13442657287,12811.91068990183,3201.1159250111823,8094.044662071039
D,2025-03-04,49935.60853684979,45785.920510393524,4149.688026456264,1386.5773102161536,8010.574248365333
D,2025-03-05,48107.07211720513,45018.405311374576,3088.666805830551,772.2724135527641,8049.404808318954
D,2025-03-06,46338.151267622874,43217.760798374875,3120.390469247999,836.000847393298,5842.468755954214
D,2025-03-07,20104.541264553845,16583.250170351177,3521.2910942026674,873.5116448677354,5944.05532519557
D,2025-03-08,18835.83332018128,17181.37021166411,1654.463108517168,542.9523651531234,8049.166164272565
D,2025-03-09,46420.71257250781,43007.46091882204,3413.2516536857693,891.3813397041506,8056.183485153034
D,2025-03-10,54849.81843354287,42331.55709940608,12518.26133413679,3867.5546448078776,8098.091080246919
D,2025-03-11,46658.86947826789,42590.948638297225,4067.9208399706663,1066.682677952088,8118.402666417694
D,2025-03-12,45314.49120174465,42107.78306692723,3206.7081348174233,927.3033643656013,8036.615116931419
D,2025-03-13,55054.96947171939,39747.28863432792,15307.68083739147,4216.0276744361145,4203.768518518523
D,2025-03-14,20249.33416566004,15483.317065491849,4766.017100168187,1171.3694903963496,4352.822434917323
D,2025-03-15,24155.799525693998,17064.61939698811,7091.18012870589,2228.4515426219127,8064.636946238121
D,2025-03-16,46443.245598935144,41577.545878752484,4865.699720182658,1336.0466377505688,8237.914887794299
D,2025-03-17,43432.74448698103,41255.02370169948,2177.720785281544,564.6357307882129,8106.067607420529
D,2025-03-18,47796.970830555045,39969.87621357156,7827.094616983487,1766.4375827958993,8145.6668234189765
D,2025-03-19,44239.41204451579,39572.209009628255,4667.20303488754,1107.2521108570147,8055.720333626434
D,2025-03-20,46184.3093937704,37366.497589976185,8817.811803794215,2392.926980178349,4250.9359567901365
D,2025-03-21,18159.328401497143,15147.533386038147,3011.795015458998,769.5868045526865,4331.454627178004
D,2025-03-22,21557.17214964627,16752.906987258826,4804.2651623874435,1388.6929623508054,8199.8815268355
D,2025-03-23,45763.38087367354,38602.87907808698,7160.501795586553,1885.3841949428408,8059.008834111324
D,2025-03-24,42429.85446098249,38358.773775502515,4071.080685479974,1146.8431418121736,8186.757662358324
D,2025-03-25,49658.79353643628,38030.512187755325,11628.281348680957,3170.849013335326,8002.944650552644
D,2025-03-26,40924.39471470228,38337.934485914346,2586.4602287879356,717.2131035674315,8014.430189640327
D,2025-03-27,43731.10469617845,35728.09911343214,8003.005582746308,2122.7787114191306,4278.208273550235
D,2025-03-28,16838.65926261377,14237.496493833569,2601.162768780202,725.8984532606561,3699.8716572100475
D,2025-03-29,19541.963677222528,16372.201147350697,3169.7625298718312,848.337122115375,8181.025011461957
D,2025-03-30,40589.947800787806,36355.56888321115,4234.3789175766615,1161.8730369767777,8146.061179540488
D,2025-03-31,44040.64577698271,35980.76446375882,8059.881313223889,2323.5975490687842,8105.715573322889
D,2025-04-01,50863.58048162816,36058.38537487545,14805.195106752713,4765.18432639777,8014.77323704999
D,2025-04-02,57162.08852423366,36582.08433333888,20580.00419089477,4990.454603360323,8040.431219213978
D,2025-04-03,40904.219616758666,34810.568744299395,6093.650872459269,1446.0132961872032,3579.609534707327
D,2025-04-04,15904.507091115116,13872.658309109713,2031.848782005403,589.8181632342812,3626.636693567849
D,2025-04-05,25416.542332174376,15824.815370020697,9591.726962153682,2380.0085773406577,8075.320012453222
D,2025-04-06,39272.15255045338,36029.38206301778,3242.7704874355977,887.8877355518562,8065.998082856393
D,2025-04-07,40137.73609290972,35633.68357847762,4504.0525144320945,1503.7750613016365,8229.320675260478
D,2025-04-08,45045.152938766856,34941.55776569151,10103.595173075337,2255.3130263790144,7997.605727463157
D,2025-04-09,53935.02789471371,34938.535094225444,18996.492800488268,5257.2206563393665,8049.949542603027
D,2025-04-10,41795.06554871018,33484.25475393527,8310.810794774916,1922.310288416679,3555.241172427365
D,2025-04-11,16382.504500050363,13236.670100598929,3145.8343994514335,854.3202523870328,2997.5269646190914
D,2025-04-12,22469.34827499066,15830.39696009025,6638.951314900413,1632.5662953828546,8142.412809835001
D,2025-04-13,41936.96727843965,34714.46182920522,7222.5054492344425,1841.4499426104069,8082.8403592042905
D,2025-04-14,38793.966512561594,34651.59497332809,4142.371539233507,1260.044581792596,8062.056283378205
D,2025-04-15,38004.283856253925,34212.614492316825,3791.6693639371074,993.2574975663457,8012.31605366591
D,2025-04-16,47592.97907480133,33650.1286622937,13942.850412507638,4002.171022538968,8060.265191991391
D,2025-04-17,38149.85426532822,31622.063672988294,6527.790592339927,1499.5351480878514,2756.788123949923
D,2025-04-18,15409.196347066412,13089.931806447425,2319.2645406189877,738.552127478626,2919.9929993645983
D,2025-04-19,17568.105527579144,15213.98845053685,2354.1170770422937,755.3383493862825,8197.132558399268
D,2025-04-20,40290.21093725948,33600.17428789506,6690.03664936442,1727.8961683166597,8210.28270075203
D,2025-04-21,36996.92183307659,33409.5605262469,3587.3613068296804,1102.8218516144466,8063.141022604277
D,2025-04-22,41297.49367683486,32719.736454179696,8577.757222655166,2606.4853209090734,8134.025197162024
D,2025-04-23,39277.7268623834,32715.99004027416,6561.73682210924,2080.899842603869,8132.8420020201465
D,2025-04-24,32741.91153070405,29953.03857499166,2788.872955712386,633.5538012001717,2051.532556136961
D,2025-04-25,15230.941581535342,12152.875278596246,3078.0663029390944,790.3601071381644,2114.350885981448
D,2025-04-26,23794.312956225283,14836.070885869838,8958.242070355447,2281.515342625693,8113.979326829418
D,2025-04-27,40677.51148145954,31143.85220231159,9533.659279147952,2274.7508198068726,7970.437858024699
D,2025-04-28,63710.0158853487,31332.259176424213,32377.75670892449,8859.562843230804,8074.875810017141
D,2025-04-29,37099.03378408384,32325.104391453053,4773.929392630787,1248.8691483451128,8004.083093263799
D,2025-04-30,41444.252044028384,31882.905358597265,9561.346685431115,2872.2067934641877,8119.68393436315
D,2025-05-01,51579.944904176096,28680.35478094164,22899.590123234462,4957.086577123857,1949.9999999999982
D,2025-05-02,42878.76055435298,12155.51623459444,30723.24431975854,6879.936889181436,1950.0000000000002
D,2025-05-03,28779.797107420905,15930.22808809572,12849.569019325187,2859.957404635906,8015.477019379728
D,2025-05-04,44406.35353194133,33625.75184677039,10780.601685170932,2862.5781385600435,7949.999999999998
D,2025-05-05,53863.53271793602,34135.36393432117,19728.16878361485,4424.041893702739,8052.33344053349
D,2025-05-06,45607.63116936482,35177.879618137,10429.751551227811,2520.544451233338,8099.1619765293635
D,2025-05-07,45821.87001445719,34935.41977709654,10886.450237360648,2594.1329325998563,8032.383251969166
D,2025-05-08,45849.05566230888,32464.24308402445,13384.812578284433,3713.075739908629,1978.3407923525292
D,2025-05-09,20273.297800354703,13588.610995223278,6684.686805131426,1517.208300150195,2092.7750740558668
D,2025-05-10,27512.8696932702,17098.290313224425,10414.579380045776,2631.0460402397657,8194.335300779934
D,2025-05-11,44071.195784850526,36011.183104091855,8060.01268075867,2143.583860208517,8060.642737184407
D,2025-05-12,41352.04462675087,35975.46892406515,5376.575702685716,1673.3166002201497,8290.720641363718
D,2025-05-13,41113.65809350927,35095.92417353617,6017.733919973105,1446.0603992836764,8089.495224252451
D,2025-05-14,41019.15449175885,34895.47389337461,6123.680598384231,1693.269730383041,8208.8439806565
D,2025-05-15,39835.33455741888,31687.80144193067,8147.5331154882115,2146.863127191766,2230.0808530525437
D,2025-05-16,16907.35741749261,13837.257232881544,3070.100184611063,927.6278147307291,2353.859983191718
D,2025-05-17,30694.695111852892,16362.06738152889,14332.627730324002,3432.845168461864,8058.43158721079
D,2025-05-18,45769.050480083795,34112.52390935891,11656.526570724876,3539.0401085340063,8151.398813466574
D,2025-05-19,38910.998918587386,33998.21904937631,4912.779869211074,1028.7661843137346,8026.55126221312
D,2025-05-20,49807.67427697523,33147.34386663654,16660.330410338694,4458.79525623072,8027.222582340129
D,2025-05-21,46510.10174265344,33780.17455412137,12729.92718853207,3067.277632350854,8195.14233575926
D,2025-05-22,35919.14575557005,30523.814920947032,5395.3308346230115,1352.227749903237,1376.0706267316327
D,2025-05-23,21535.56604983954,13640.154039422774,7895.412010416768,1962.1136484920414,1482.977173578155
D,2025-05-24,20212.86067189185,16621.168144691743,3591.692527200109,964.6991865016201,8183.183806178269
D,2025-05-25,37755.72163118756,33055.31261104231,4700.409020145253,1187.1191778943296,8089.989826304352
D,2025-05-26,54513.37403824201,32670.73889535749,21842.635142884516,5915.955857216314,8134.997398790812
D,2025-05-27,39885.51892461975,33212.01232740116,6673.506597218595,1707.8351247834196,7961.339974926706
D,2025-05-28,47987.28356872796,33012.197923611064,14975.085645116891,4319.799152037185,8104.341561996009
D,2025-05-29,47751.129060490064,29876.548824651647,17874.580235838424,4182.161474691169,1351.7058251737662
D,2025-05-30,25618.781532438003,13459.783965888802,12158.997566549195,2941.0481355632473,1542.9605221483887
D,2025-05-31,27315.946124049922,16369.584898813559,10946.361225236364,2773.91039303306,8111.619413551813
D,2025-06-01,105399.56038814955,33955.21480007183,71444.34558807772,18583.357134549107,7950.000000000011
D,2025-06-02,84471.21053941376,37688.43629969573,46782.77423971803,11426.174514369975,7949.999999999997
D,2025-06-03,66287.60321590742,40777.0492756326,25510.553940274825,6070.456559698165,8075.026764225723
D,2025-06-04,57543.678424614496,43134.50367018659,14409.174754427924,4464.906276291504,8096.88734733049
D,2025-06-05,60462.38082101677,40766.3874950295,19695.99332598727,5082.401940633879,2033.4434237003761
D,2025-06-06,70848.74699834935,13751.114891936544,57097.63210641281,14099.798145465715,1950.0000000000023
D,2025-06-07,49900.309280796544,18601.19387877361,31299.115402022937,8136.182295549925,7950.000000000004
D,2025-06-08,50783.20131113591,47236.666045069185,3546.535266066724,870.6109181296881,8140.452286860732
D,2025-06-09,58900.15596545144,45651.9070095882,13248.248955863237,3217.187801590253,8030.618511991933
D,2025-06-10,57655.70004839652,45973.17290401019,11682.52714438632,3068.3140778459137,8139.462825356976
D,2025-06-11,74088.45125020904,46068.156917020024,28020.294333189013,6461.622905115432,8127.6514734889815
D,2025-06-12,54110.89820969688,44345.79706153001,9765.101148166868,2452.8156751498864,2145.535417473179
D,2025-06-13,29650.406596932145,17866.305849257704,11784.100747674438,2974.6070410256834,1992.5857111925257
D,2025-06-14,28187.450122805552,22413.602790434903,5773.847332370649,2131.8943078797447,8117.9773961925
D,2025-06-15,54036.924269220326,47237.953551953586,6798.970717266731,1616.4547292291772,8218.779621148646
D,2025-06-16,56597.85145721296,46867.92836907141,9729.923088141544,2463.0174372860924,8038.058054395057
D,2025-06-17,62726.04365631782,47033.64947966132,15692.394176656502,3949.4470791827434,7984.982851851856
D,2025-06-18,52623.97671300113,47545.83426676056,5078.142446240563,1499.774571079005,8073.082341298274
D,2025-06-19,51330.374388852346,44214.08007177859,7116.294317073763,1546.0980916587132,2106.13817376743
D,2025-06-20,22121.394527203498,19222.235294215134,2899.15923298836,779.785625613633,2537.8513515871286
D,2025-06-21,25033.127062422245,21339.201341018987,3693.925721403259,1018.0643797218079,8343.663346728448
D,2025-06-22,54582.26607540943,44588.78887632312,9993.477199086321,2689.7898130443123,8136.447106873742
D,2025-06-23,52431.841828237404,44314.367597585835,8117.474230651573,1914.8210208179937,8085.365940373244
D,2025-06-24,80415.32825509505,44280.48533173638,36134.842923358694,9124.728361853635,8116.583864636648
D,2025-06-25,55930.78435571327,45641.980413114245,10288.803942599028,2734.731749656322,8153.760577546277
D,2025-06-26,50365.28337539198,42812.92222967518,7552.361145716797,1735.033301188647,2030.4268231258575
D,2025-06-27,20641.524529862956,18090.12794393467,2551.3965859282835,635.7367380449818,2186.8578663535327
D,2025-06-28,26594.088355261323,20375.54073136751,6218.547623893812,1772.9479710136793,8213.071812548025
D,2025-06-29,54825.841373744384,44518.84773075834,10306.993642986039,3398.24109284561,8154.3070112690275
D,2025-06-30,57810.85326410431,44463.586538265765,13347.266725838555,3601.1179911594627,8200.718764812886
D,2025-07-01,82369.78661839225,44640.94768251313,37728.83893587911,10592.371923265924,7950.000000000009
D,2025-07-02,68510.1494991465,47047.48482523614,21462.66467391036,6015.372284504041,7950.000000000013
D,2025-07-03,71076.77886855084,45783.45582121828,25293.323047332568,6453.893072441393,1949.9999999999982
D,2025-07-04,62262.023320293694,17031.707796592527,45230.31552370117,11706.113214661998,1949.999999999999
D,2025-07-05,52766.79341627397,22131.262705197878,30635.5307110761,8291.28892605908,7950.000000000005
D,2025-07-06,68034.76066629867,50763.56030482228,17271.20036147639,4158.30438871818,8067.68991757071
D,2025-07-07,55200.35021354546,51370.02194261994,3830.328270925523,1297.8106756231796,8063.5935545998245
D,2025-07-08,61729.055708135034,50397.47825512527,11331.577453009751,2800.371714482291,8012.172437287099
D,2025-07-09,56821.218619811974,50293.39049485555,6527.82812495643,1751.2986032941692,8226.838583189503
D,2025-07-10,52947.59968147529,46901.79082461993,6045.808856855354,1566.7977356139697,2076.0084824688056
D,2025-07-11,40729.13270442083,21968.52504302413,18760.6076613967,5312.912066697545,2008.6505254126669
D,2025-07-12,33233.649574645664,27186.663578355587,6046.985996290074,1584.3015803379067,8090.208874116447
D,2025-07-13,54058.978767080545,50126.92197075203,3932.0567963285184,1010.6638071812864,8126.473409808958
D,2025-07-14,54116.635421272134,48849.66684407514,5266.968577196996,1365.9820805077823,8046.542665636761
D,2025-07-15,56116.017342059225,48498.1971510277,7617.820191031524,2627.3773964675975,8209.434928073126
D,2025-07-16,57221.179123621565,48218.22713723837,9002.951986383185,2635.057752791728,8196.238010903722
D,2025-07-17,59845.05933904572,45632.45057085029,14212.608768195434,3252.1345812054687,2925.5394490150575
D,2025-07-18,31484.340378861707,23819.336684560913,7665.003694300798,2147.271734740182,2236.0356436520456
D,2025-07-19,31367.841809977945,26547.619483427876,4820.222326550071,1281.9769207638353,8088.336632074512
D,2025-07-20,55180.29588098067,48617.39785252586,6562.898028454814,1884.0865088124738,8104.611517382362
D,2025-07-21,60381.59315715036,48276.3816757381,12105.21148141226,3266.280395430712,8147.839791306424
D,2025-07-22,59689.070965288076,48249.46783163911,11439.603133648965,2997.6999987430822,8119.0908159343235
D,2025-07-23,61698.022124608266,48166.700031258515,13531.322093349747,3345.4300033772142,8046.6867292948755
D,2025-07-24,55687.64125794579,46076.708843068394,9610.932414877398,2538.6287093467536,2864.9608362268773
D,2025-07-25,26552.519335237153,24108.90002470734,2443.6193105298116,645.5973641255177,2956.068184756331
D,2025-07-26,31999.57921549305,26074.070286009555,5925.508929483496,1870.7575658726385,8032.774010461034
D,2025-07-27,60308.80165458034,48698.66855233522,11610.133102245116,2726.068730896437,8151.838068440634
D,2025-07-28,68663.96692543985,48551.68544932796,20112.28147611189,5343.721673239241,8194.606465042234
D,2025-07-29,62477.18981546438,49098.65371499619,13378.536100468184,3652.6529413861335,7978.862130025565
D,2025-07-30,59235.944598975606,49291.72145113691,9944.223147838704,2445.0728230436093,8155.882703638705
D,2025-07-31,55804.49952789543,46662.12635799984,9142.373169895587,2149.2269864096847,2751.6040411218783
D,2025-08-01,26425.277923466056,23912.928860985776,2512.3490624802807,855.9490402572069,2909.4936229127225
D,2025-08-02,28907.798749478417,25722.824249641955,3184.9744998364567,847.1929068399373,8082.539456862737
D,2025-08-03,52286.08079614387,46947.488611060064,5338.5921850838085,1380.9054433227966,7997.0786443832685
D,2025-08-04,49367.15842771991,45623.234147224095,3743.9242804958094,1123.4878859200062,8316.70189634083
D,2025-08-05,50836.03455693674,44901.574337213926,5934.460219722812,1598.2810876028059,8210.318878301143
D,2025-08-06,58393.07658803641,44500.43845404091,13892.6381339955,3508.3046083193035,8333.175711826301
D,2025-08-07,48135.368291594394,41711.685908429616,6423.682383164787,1773.8817609744933,1992.6404626280419
D,2025-08-08,26354.477088012267,22991.702354507463,3362.774733504799,900.3071109272744,2305.8531403799498
D,2025-08-09,32684.35066788629,25254.522437786174,7429.82823010012,2069.502541672116,8272.600865198106
D,2025-08-10,54239.854975452094,43247.22904197253,10992.625933479561,3017.550440454772,8014.180084743246
D,2025-08-11,55331.79377888244,43525.692174280804,11806.10160460164,2832.1250428952844,8017.844692808469
D,2025-08-12,61700.43955402999,43489.079930399894,18211.359623630095,4521.99067993151,8073.734868298083
D,2025-08-13,55237.86953761579,44006.33991918889,11231.529618426897,2894.2631069235927,8300.002593744915
D,2025-08-14,54958.06587808428,41046.945930978356,13911.119947105919,3259.4140002750987,2020.795517610084
D,2025-08-15,27483.546528861036,22535.589634283948,4947.956894577087,1460.1857730488605,2174.821028813294
D,2025-08-16,33101.18229592599,25117.64620897081,7983.536086955174,1881.1411041090419,8071.772989931988
D,2025-08-17,51964.30393554451,43569.577414295425,8394.726521249082,2121.4510316922715,8077.4136875540435
D,2025-08-18,56012.371614589174,43312.576905521484,12699.794709067692,2895.3556869693775,8095.089635795385
D,2025-08-19,52078.33492340392,43303.05843695043,8775.27648645348,2522.8355081151203,8304.766817731997
D,2025-08-20,75881.56977116803,43148.852376988165,32732.717394179846,8132.097278758454,8191.668385561863
D,2025-08-21,48623.25833508282,41703.37302511635,6919.885309966476,1978.145771965305,2855.765600883524
D,2025-08-22,34014.92895462932,22576.0354574521,11438.893497177223,2860.2865744666224,2825.8309161495035
D,2025-08-23,29782.832263000266,25248.10240839787,4534.729854602401,1248.6395081217568,8080.580413909388
D,2025-08-24,53920.49210160935,44512.917884251845,9407.574217357505,2204.7083177261425,8284.22019730568
D,2025-08-25,67661.10999352887,44127.10371175931,23534.00628176956,6410.213935800306,8010.522877850211
D,2025-08-26,52442.994467396085,45079.85336601504,7363.141101381038,1750.930345220845,8131.501284465028
D,2025-08-27,58581.74376052054,44737.18399759207,13844.559762928468,3237.7498241217827,8045.066380754886
D,2025-08-28,64868.823330664774,42489.82512388825,22378.99820677652,6048.911195657416,2797.7541208876464
D,2025-08-29,30202.00607052164,23564.02994441437,6637.976126107267,1640.9882149660143,3036.4824352481455
D,2025-08-30,30364.20322845701,25761.615229591618,4602.5879988653915,1311.8113611633403,8149.955965562699
D,2025-08-31,55177.90274350601,44920.89973267579,10257.003010830229,2627.071357617361,8062.400077632462
D,2025-09-01,47528.72318182653,44916.123105281134,2612.600076545399,686.9988085251591,9573.842945849861
D,2025-09-02,45382.99735006954,41048.07210198349,4334.925248086055,866.7479711723547,8936.615468072716
D,2025-09-03,42518.04699511986,38235.32485746837,4282.722137651495,1207.9541244336601,8630.909015519019
D,2025-09-04,44813.184180684504,33406.76129070405,11406.422889980457,2636.839870879444,2842.5387678416173
D,2025-09-05,24481.451208549734,23589.433232942385,892.0179756073504,304.590719443627,4365.894915380815
D,2025-09-06,23555.113289995512,22796.869780363588,758.2435096319251,209.9095975827156,9416.564289172806
D,2025-09-07,46699.237680081926,35311.290127211076,11387.947552870843,2994.7531957940982,8079.57409971702
D,2025-09-08,60459.52184289436,35969.542976821685,24489.97886607268,6067.154339369933,8225.380485691807
D,2025-09-09,44875.570406362596,36675.85112616508,8199.719280197514,2082.9243194022897,8036.276380268938
D,2025-09-10,67725.59505564187,36556.17016446046,31169.424891181407,7418.148719612658,8051.250355045481
D,2025-09-11,41727.71926363539,35118.9476158823,6608.7716477530785,1452.017605871663,2882.426850603447
D,2025-09-12,21345.516597532187,19079.60215639296,2265.914441139229,576.0854585545326,3606.8273167567368
D,2025-09-13,24630.637106302347,18804.144998111555,5826.4921081907905,1496.4719827133645,8306.374171715976
D,2025-09-14,57664.62596675392,36969.04109381973,20695.584872934196,5501.797979199568,8140.36985246762
D,2025-09-15,45325.29591422139,37678.433471036136,7646.862443185255,1896.6849103330678,8026.556927666545
D,2025-09-16,50952.35991951657,37514.71877660587,13437.6411429107,4224.114123378577,8027.776493811029
D,2025-09-17,56686.0771959867,38059.285134766586,18626.792061220112,4410.585509545714,8153.437331841772
D,2025-09-18,47761.041576401905,36238.59797318485,11522.443603217054,2643.9356813604904,3502.63534172442
D,2025-09-19,24040.552151704742,17048.26214842158,6992.290003283162,1935.52551438737,3707.371632569718
D,2025-09-20,29474.754600419496,19059.961039430676,10414.79356098882,2534.1355680303786,8111.6705524813215
D,2025-09-21,45531.698824892985,39742.30116499923,5789.397659893751,1818.1012667655245,8044.140497122513
D,2025-09-22,48178.50928380375,39218.19580626573,8960.313477538017,2537.649194990974,8122.448908027668
D,2025-09-23,54854.50269816191,39455.999048963866,15398.503649198045,3555.675075536013,8096.57073693625
D,2025-09-24,49466.96358141127,40006.979738081194,9459.983843330087,2686.3496476226346,8143.374771816163
D,2025-09-25,44917.0919954893,37951.43081015117,6965.661185338133,1859.6530302914202,3654.93844361464
D,2025-09-26,23055.871627229484,17451.34032706995,5604.531300159537,1523.1259646567225,3816.280381876747
D,2025-09-27,36328.39542167683,19288.822714805072,17039.572706871757,4331.0889008951535,8022.654176684813
D,2025-09-28,54785.59414257039,40975.3167360714,13810.277406498995,3266.453549226731,8154.43908265304
D,2025-09-29,49777.98088518429,40912.52267654207,8865.458208642227,2124.1636463260893,8018.906113178052
D,2025-09-30,59094.382932689245,41081.035305101126,18013.34762758812,4162.883814116003,8047.05363481435
D,2025-10-01,42180.79343118264,41763.26769434691,417.5257368357349,165.3323394253543,8969.066868199177
D,2025-10-02,37899.32063170736,36800.480451655116,1098.8401800522354,371.5087720542151,5001.246940551412
D,2025-10-03,18412.18502337229,17256.829309137807,1155.3557142344825,329.0145688144773,5625.797765484589
D,2025-10-04,24717.67423747314,17677.497596266636,7040.176641206501,1904.745476945223,8809.555938959767
D,2025-10-05,39456.2694042219,36845.47767317181,2610.7917310500907,746.8355500341919,8334.710852223838
D,2025-10-06,46766.248568574956,35796.27148992593,10969.977078649019,2926.5427845995064,7975.919681783374
D,2025-10-07,46970.741910729106,36491.35100291613,10479.390907812969,2623.6714063973786,8076.017536477469
D,2025-10-08,43562.85983024647,36826.3909169402,6736.468913306265,1993.7263254677218,7980.196095508271
D,2025-10-09,42338.839670309295,35057.35399048024,7281.485679829059,1764.6077733298018,4285.011800815835
D,2025-10-10,19206.89617834093,16173.919144878439,3032.9770334624864,889.4926150927637,4815.183165162731
D,2025-10-11,24510.14262370894,16834.47204969267,7675.670574016267,1835.0609950934963,8072.872088381035
D,2025-10-12,48235.76684123691,37186.751602137505,11049.01523909941,3058.756527043552,8039.608946703599
D,2025-10-13,43913.67174701482,37479.71435743338,6433.957389581443,1638.2254896409256,7997.017081591013
D,2025-10-14,54059.615713342944,37543.34971552924,16516.26599781371,4113.097742072139,8077.570207279822
D,2025-10-15,53909.44328641129,38167.88782787702,15741.555458534265,4170.619068967325,8088.446046050354
D,2025-10-16,55344.70135605926,37308.85929919458,18035.842056864687,4331.648800403905,5050.13898233173
D,2025-10-17,21087.757047737905,16047.302564311807,5040.454483426095,1232.8652843608277,5173.536946535254
D,2025-10-18,23652.184549192767,17356.41187591338,6295.772673279384,1783.2761058921512,8266.602129410869
D,2025-10-19,55019.82151524868,39752.68036587737,15267.14114937131,3549.795648628153,8046.4835976667255
D,2025-10-20,56484.71831707725,40418.69078141603,16066.027535661215,3683.3855790314565,7995.850319912594
D,2025-10-21,57424.32996421204,41039.84193872948,16384.48802548257,4453.690666109886,8128.588873892792
D,2025-10-22,55750.806522551065,41575.87904117298,14174.927481378083,3280.96954056079,8127.62703362204
D,2025-10-23,46534.50077291004,40490.81708239853,6043.683690511514,1534.1056266973385,5070.865102931393
D,2025-10-24,23586.21254693941,16307.530865282522,7278.681681656886,1795.6317282395187,5050.728303294927
D,2025-10-25,24667.543739034383,17899.10344626371,6768.440292770674,1719.7803326126937,8083.713109677225
D,2025-10-26,47124.21166800217,41939.86244694944,5184.349221052739,1471.2178133882305,8156.142460379204
D,2025-10-27,51033.84135290459,41879.24386205695,9154.597490847631,2267.82579906051,8013.205926100583
D,2025-10-28,52852.9627281823,41877.955229401035,10975.007498781262,2805.6368913996657,8048.210622195484
D,2025-10-29,62314.55856343064,42288.70725633953,20025.851307091107,5180.314853654896,7982.87656208995
D,2025-10-30,47538.29336029157,42227.96122986934,5310.332130422229,1360.5026987837975,5884.686443520339
D,2025-10-31,27595.03047166092,16974.953986654466,10620.076485006459,2826.51107240318,5877.113516024025
D,2025-11-01,24574.74489410325,18197.450276419473,6377.294617683776,1797.9570221959857,8327.99105204801
D,2025-11-02,54444.6779690962,43819.91654187348,10624.761427222724,2602.3923068435624,7962.180532825586
D,2025-11-03,54068.245383340865,44361.43891103416,9706.80647230671,3002.70410603523,8144.46287174709
D,2025-11-04,51550.470082595064,44469.106619051905,7081.3634635431645,1761.4359475581875,7970.606660493823
D,2025-11-05,54078.0255470283,44656.94452174724,9421.081025281052,2467.2810840774055,8191.956463388065
D,2025-11-06,60880.118566708625,43743.06779682941,17137.050769879213,4163.698484743895,5878.7090388936585
D,2025-11-07,23257.358978032265,17302.264943065267,5955.094034966996,1390.980061050941,5793.810381427524
D,2025-11-08,23951.769293414138,18440.957463041414,5510.811830372724,1430.0513563704476,8172.2996242430645
D,2025-11-09,57175.38922435538,45369.93984835058,11805.449376004792,3175.6077337604574,8016.621961358978
D,2025-11-10,62582.48892995944,45930.500188910395,16651.98874104904,4419.822528525889,7990.404666666682
D,2025-11-11,53793.42968298422,46815.85964788208,6977.570035102148,1798.7028565811324,8058.05081022804
D,2025-11-12,53590.683671644125,46984.44776752581,6606.235904118319,1465.467651287026,8006.735689533611
D,2025-11-13,54465.45209409705,45959.92524594688,8505.52684815017,2376.481009977783,5725.059098765434
D,2025-11-14,25336.962046424036,17789.219758475305,7547.742287948734,2107.847369314898,5765.4158680101755
D,2025-11-15,25725.644656471646,18958.297954661837,6767.346701809809,1774.1126746232253,8039.015475062788
D,2025-11-16,59924.874435598766,47793.391701961,12131.482733637758,3065.880834445854,8073.025238979317
D,2025-11-17,53991.791924711244,48217.832969877534,5773.958954833711,1407.8644169076902,8127.499621939352
D,2025-11-18,57926.843629420284,48213.95356352956,9712.890065890728,2862.2064043858777,8113.58942592594
D,2025-11-19,58827.557628457194,48511.86693321728,10315.690695239913,2530.458580608562,8000.795777777782
D,2025-11-20,56241.924326444845,47781.29663393133,8460.62769251352,2213.7897701241013,5760.111012345678
D,2025-11-21,23936.900769749624,18154.847482002922,5782.053287746701,1845.858288168171,5977.947421430591
D,2025-11-22,25746.804280155287,19206.467711378264,6540.336568777026,1810.6850323524768,8058.721955441561
D,2025-11-23,59845.842853101654,49479.764431190066,10366.078421911592,2574.0384657567947,8046.701527632462
D,2025-11-24,55534.079336393115,49643.136658621246,5890.942677771865,1502.7018629713616,8023.02463603346
D,2025-11-25,58229.96434682871,49422.454067639235,8807.510279189473,2381.6857044301555,8065.446216049393
D,2025-11-26,60271.30948174032,49648.34065326684,10622.96882847348,2769.6996325200553,8103.290942590893
D,2025-11-27,56841.67460751001,49618.58098353195,7223.093623978058,1795.2740435555495,7292.9708221110595
D,2025-11-28,25425.17193471793,18692.738611003733,6732.433323714195,1691.3471474525886,7302.75911975344
D,2025-11-29,35654.940832828295,19108.979997843155,16545.960834985137,4831.660660990403,8103.851118540246
D,2025-11-30,64710.72051007599,51057.29504428951,13653.425465786477,3566.6526317454054,7997.236627368689
D,2025-12-01,83840.6551046115,51807.39226028908,32033.262844322428,8502.278988259623,8021.980808641992
D,2025-12-02,84866.62616068953,53741.42472183261,31125.20143885692,8088.179076334238,8078.455030864209
D,2025-12-03,69828.27669268474,56243.181290858505,13585.095401826235,3913.3067856924145,8241.351156259017
D,2025-12-04,66252.32859069502,57849.82507931942,8402.503511375591,1954.6921126441425,7982.1154027532475
D,2025-12-05,49314.8907104534,19767.168224676177,29547.722485777223,7732.613691196224,8107.312444444452
D,2025-12-06,48134.38071349451,20831.48899379882,27302.891719695697,7687.906666194558,8118.289947600645
D,2025-12-07,65357.477545113994,58692.28891550775,6665.188629606239,1656.491590989435,8041.944185185179
D,2025-12-08,65780.47563414407,58630.43522928762,7150.040404856442,1859.5438592839778,8078.224895061727
D,2025-12-09,67090.68441131429,58778.19871098945,8312.485700324843,1858.5934281523337,8062.474697530868
D,2025-12-10,67230.58705021135,58687.77915798648,8542.807892224875,2434.824804288962,8243.61465205368
D,2025-12-11,63343.831245718815,58589.40947371347,4754.421772005342,1291.5698423316085,8159.935758072109
D,2025-12-12,39592.65867704254,22491.44496435295,17101.21371268959,4878.197023498566,8120.734283912763
D,2025-12-13,34340.90297973567,23967.79304736432,10373.109932371348,2420.6024069558225,8190.8804156833285
D,2025-12-14,65838.08055488337,59103.502157915835,6734.578396967554,1746.8114801273184,8024.886550423063
D,2025-12-15,67695.57456589244,59160.16077351636,8535.413792376075,2373.272762100714,8045.244611111119
D,2025-12-16,66655.0936698063,59385.90229384157,7269.191375964716,1996.3413656869143,8049.985796296297
D,2025-12-17,64108.59541853462,59631.90610305853,4476.689315476088,1249.0918779966773,8237.283026230245
D,2025-12-18,64626.86212409772,59262.910343792115,5363.95178030561,1375.622966821063,8045.795737659028
D,2025-12-19,30993.591734819474,24201.489100639912,6792.102634179562,1759.0751664434172,8148.499586585512
D,2025-12-20,30454.881175048475,24116.874161807653,6338.00701324082,1618.655817494174,8122.5330064353775
D,2025-12-21,67440.70534996683,59341.86943957243,8098.835910394391,2239.5237918053663,8055.345709876547
D,2025-12-22,65692.8772747084,59390.50176708206,6302.375507626346,1696.3038548882546,7957.863296296299
D,2025-12-23,62947.91395771727,59517.87802426475,3430.0359334525187,941.522458271369,8129.36060389766
D,2025-12-24,65326.46155472377,59148.62753667649,6177.834018047294,1579.6710092761273,8059.4358456790105
D,2025-12-25,64438.5245171195,59112.16300180235,5326.361515317143,1616.4987975854447,8056.555222222225
D,2025-12-26,31466.46272840999,24098.2723430173,7368.190385392694,1948.4248570303344,8247.379123087603
D,2025-12-27,31535.058342908298,24019.905587780402,7515.152755127896,1955.616304749823,8114.874086078533
D,2025-12-28,63336.67181958382,59244.71440290175,4091.9574166820667,1145.6182062940643,8141.198550820889
D,2025-12-29,63959.056326233294,58824.62022482006,5134.436101413245,1523.5001170824228,8022.219950275628
D,2025-12-30,63459.786825950294,58657.54692152981,4802.239904420483,1224.3523849276432,8084.881388888896
D,2025-12-31,68154.6473511334,58238.526581687816,9916.120769445592,2510.877603219368,8008.228890315043
S,2025-02-01,25442.790399805912,24698.398582090747,744.3918177151633,162.4905079653555,8806.288258847126
S,2025-02-02,58498.62293595709,58360.01831783492,138.6046181221703,22.109959592885986,8447.991029807881
S,2025-02-03,57402.55488041992,56865.2063378626,537.3485425573208,141.31996956597462,8276.802119105785
S,2025-02-04,58836.51116483013,56217.68368740293,2618.8274774272054,615.4229521873261,8470.048179995456
S,2025-02-05,58018.29692537387,55490.26254175061,2528.0343836232532,707.2302493879463,8264.93345845343
S,2025-02-06,57259.3793234715,55709.89700593965,1549.4823175318375,353.0541207545023,8299.561026071737
S,2025-02-07,24072.192657570355,23725.141961433772,347.0506961365816,61.745338218071026,8537.78721425768
S,2025-02-08,22640.536017422342,22457.762558072678,182.77345934966405,44.40324751330624,8319.912520705888
S,2025-02-09,58105.59423023564,54363.71789894385,3741.8763312917954,1070.524264833201,8230.559985387616
S,2025-02-10,55093.25486160106,54632.901805933696,460.3530556673622,175.02012314963545,8239.090403815022
S,2025-02-11,54050.751063541305,53467.72455402148,583.0265095198251,135.17900272816988,8131.321043105838
S,2025-02-12,53970.75737412089,52853.340708113414,1117.416666007481,275.0410900472127,8252.657865332709
S,2025-02-13,52860.10857175262,52152.54250187425,707.5660698783695,274.1191137378308,7455.52135329697
S,2025-02-14,22539.382094804034,20078.344222056563,2461.0378727474717,750.0480714747752,7589.68269370255
S,2025-02-15,21750.64800996516,20271.489243329874,1479.1587666352848,391.5148517103356,8395.983793373978
S,2025-02-16,54028.46234008735,51165.385788654705,2863.0765514326395,680.9050555823629,8243.545204410875
S,2025-02-17,51797.49337409415,51357.11623563555,440.3771384585945,155.66030576477465,8150.917423195826
S,2025-02-18,51297.573893663845,50444.23637178927,853.337521874565,207.8416657918205,8270.261119519333
S,2025-02-19,53461.34774381661,49907.31977296374,3554.0279708528687,915.966591272688,8219.900202001714
S,2025-02-20,50793.72516114054,48887.239325573224,1906.4858355673114,482.8882110757092,6158.642941118727
S,2025-02-21,20102.45764806056,19185.451742653247,917.0059054073098,242.10318955686517,6396.790350999613
S,2025-02-22,21136.27370405927,20034.086757376608,1102.186946682659,325.844976194325,8312.468917098293
S,2025-02-23,51642.429362207964,49444.156321644616,2198.273040563345,701.7769801021379,8164.692224010292
S,2025-02-24,50388.500375969496,49272.58359276393,1115.9167832055716,255.50431430474427,8286.61091721763
S,2025-02-25,49049.8140163253,48228.26646023932,821.5475560859797,223.7773233878617,8211.489665944962
S,2025-02-26,49222.24387563733,47135.16509084716,2087.078784790172,526.3212056202095,8287.511205246616
S,2025-02-27,48496.325741548135,45915.31319645077,2581.0125450973724,522.5293541891689,5958.470709167836
S,2025-02-28,19704.93619074027,18651.83636117765,1053.0998295626207,297.4112027355428,6241.337771558288
S,2025-03-01,20623.958013234263,19404.217855415354,1219.7401578189083,281.4629837035518,8424.970333660967
S,2025-03-02,59345.082774745446,47528.09317292319,11816.98960182226,3068.4528967225415,8189.468049311385
S,2025-03-03,54699.68694310619,48162.1672751703,6537.519667935883,1567.6422349159168,8276.98441493087
S,2025-03-04,49384.660322854106,48352.17742230004,1032.4829005540696,323.1880228713144,8223.781292907868
S,2025-03-05,48608.33916611564,47618.05446847447,990.2846976411727,232.17073984170898,8208.411609359784
S,2025-03-06,47038.71230134915,45833.88804708935,1204.8242542598023,317.4299914229184,6062.266510602038
S,2025-03-07,18302.626609431172,18009.5293631131,293.09724631807853,84.80645369255643,6337.609702831218
S,2025-03-08,18995.709327122513,18527.264540424767,468.44478669774867,169.23645137785067,8435.46105441155
S,2025-03-09,46329.64941826422,45334.170479024484,995.4789392397295,254.75632402470356,8236.617491823516
S,2025-03-10,50546.14334442288,44742.34375463761,5803.799589785274,1963.584706212207,8209.26277508467
S,2025-03-11,46766.93680084034,45153.26785464784,1613.6689461925005,417.99336792102025,8302.845472560586
S,2025-03-12,45785.97226683631,44590.41278939268,1195.5594774436322,344.38159053659814,8193.541340194128
S,2025-03-13,50804.01269536665,42235.599014643485,8568.413680723159,2323.0682114471592,4300.057815007148
S,2025-03-14,17866.06081116657,16950.52497120149,915.5358399650836,241.93923439278913,4638.298515545403
S,2025-03-15,20625.634136977504,18457.36784396088,2168.266293016623,634.8181850914023,8319.62894076999
S,2025-03-16,46525.80103633138,44444.869905731546,2080.9311305998363,548.2551853979448,8463.485882839244
S,2025-03-17,44930.06461951377,44101.79296167907,828.2716578346968,178.73210203115585,8312.250251907248
S,2025-03-18,46406.05925239877,42754.1334694014,3651.9257829973753,743.1450253683444,8371.39186433934
S,2025-03-19,43421.00395745238,42277.952509672585,1143.0514477798015,274.9015344374901,8245.225360417511
S,2025-03-20,42906.98935971825,40104.22280331244,2802.7665564058157,722.4331549451405,4360.172371480306
S,2025-03-21,17490.33543097753,16637.8597608173,852.4756701602275,202.6731507318566,4673.248824057758
S,2025-03-22,18545.725890973306,18103.711086332198,442.0148046411059,151.74003765270464,8661.303833687922
S,2025-03-23,43707.84398987489,41321.0433491345,2386.8006407403836,610.1344251199698,8197.007176314697
S,2025-03-24,43044.72809410302,41288.24343862516,1756.4846554778537,484.4536385798161,8439.14556431007
S,2025-03-25,45655.98696411229,40871.61563329418,4784.371330818112,1250.915281297969,8201.102062744092
S,2025-03-26,42250.240663759134,41321.13787869991,929.1027850592238,266.17057889405623,8238.522802442336
S,2025-03-27,40536.03870360385,38700.14630176891,1835.8924018349476,567.2659566164592,4441.082226818823
S,2025-03-28,16776.367833592652,15654.528163434552,1121.8396701581003,306.6457119459208,4033.0294270033887
S,2025-03-29,18714.776387957063,17698.952361601805,1015.8240263552584,259.9120559524594,8462.401904827882
S,2025-03-30,41110.2570277888,39311.52454087572,1798.7324869130753,419.8409625661119,8371.836319710488
S,2025-03-31,42202.59371159818,38909.46030088155,3293.1334107166354,861.7935164280656,8339.199237100114
S,2025-04-01,44396.832831072585,38889.68101733917,5507.1518137334115,2001.3197787696236,8130.70275712653
S,2025-04-02,49921.409518851025,39460.13773820977,10461.271780641251,2337.6094962506436,8163.082571265919
S,2025-04-03,40005.06175437697,37864.98118372297,2140.0805706539986,486.51402368125,3780.694157315732
S,2025-04-04,15774.858679349778,15258.787318562048,516.0713607877307,161.5402661046732,3972.103721495757
S,2025-04-05,18348.843045533515,17118.42939183741,1230.4136536961018,304.9318772915527,8322.30665266675
S,2025-04-06,39929.26427529409,39099.17234675615,830.0919285379339,193.41996850486825,8297.934253680582
S,2025-04-07,39164.414785570545,38732.979489472316,431.43529609823133,163.35682068215596,8495.604688517968
S,2025-04-08,41310.55965565431,38102.75717922476,3207.802476429544,704.3747133075293,8182.536224161552
S,2025-04-09,43214.14819989165,38187.522599705604,5026.625600186047,1573.7647762877975,8227.247525020372
S,2025-04-10,39774.76288274459,36849.31442020515,2925.4484625394352,677.6485471231018,3762.7708132047446
S,2025-04-11,15857.373595056219,14684.566014087759,1172.807580968461,303.0387460397483,3314.551741946923
S,2025-04-12,17606.633853337753,17184.690660491626,421.94319284612595,127.06910810635517,8542.814949720101
S,2025-04-13,38994.53966496981,37961.28961944569,1033.2500455241184,268.4785455031771,8372.768890167468
S,2025-04-14,39137.02677505097,37857.35247434312,1279.6743007078471,362.92725010739684,8305.701023607722
S,2025-04-15,38091.28685138461,37333.62504362328,757.661807761331,198.0057706154689,8222.341373918121
S,2025-04-16,40684.89630261477,36761.131367165304,3923.7649354494647,1255.2473409785744,8297.618785918046
S,2025-04-17,36075.354279402,34949.20200849494,1126.152270907065,227.29571262115076,2906.261779456594
S,2025-04-18,15124.814628126056,14444.24128455051,680.5733435755469,216.66315655222357,3372.554377840101
S,2025-04-19,17097.67692249968,16431.34837432892,666.3285481707583,254.85761122923822,8532.764295372765
S,2025-04-20,37948.29588477666,36802.46276226761,1145.8331225090444,274.8532003552229,8519.315231127508
S,2025-04-21,37438.653079225885,36636.69359320637,801.959486019519,268.66518050816524,8208.718395469507
S,2025-04-22,38205.09809442395,36011.181673831285,2193.9164205926663,640.9531321465961,8378.671175803818
S,2025-04-23,37118.27562045606,36060.23660600351,1058.0390144525413,353.1390034772485,8337.931790992809
S,2025-04-24,33987.04715513512,33356.1914591221,630.8556960130288,108.48014534913875,2201.7053730663556
S,2025-04-25,14043.796810616424,13437.536706101002,606.2601045154242,182.22588013707784,2428.2478288331
S,2025-04-26,17439.804945985532,16031.430587646884,1408.3743583386492,388.71662298560375,8371.13680774312
S,2025-04-27,37133.94061186172,34268.979979329655,2864.9606325320647,667.8018384489948,8127.9320445009125
S,2025-04-28,49963.65348372271,34602.139338140965,15361.514145581747,4469.06661210355,8296.350371809582
S,2025-04-29,37279.82726944841,35975.70396806372,1304.123301384691,299.0144065460889,8150.80929448795
S,2025-04-30,37123.70444366933,35589.35392221234,1534.3505214569886,432.64794452148305,8306.121698938161
S,2025-05-01,46109.855735475256,32306.550976183767,13803.304759291483,2914.446947455471,1970.5018047471322
S,2025-05-02,27224.743896043932,13666.378747119717,13558.365148924213,2937.6707464793917,1988.6670399659135
S,2025-05-03,22881.480505237785,17558.57042713608,5322.910078101702,1081.8390358201164,8131.8289618191275
S,2025-05-04,41715.84794324254,37663.717000697296,4052.130942545248,953.6368556766778,7989.78245430138
S,2025-05-05,44559.28579407159,38317.0682467686,6242.217547303,1426.4019144091199,8282.496117663854
S,2025-05-06,41457.20423506413,39340.258174599294,2116.946060464832,564.2798123405364,8392.791289384775
S,2025-05-07,41285.80583535059,39113.26348988502,2172.542345465568,473.4065523360153,8252.607544704075
S,2025-05-08,40055.35048720897,36721.077842061204,3334.272645147772,871.8535021897457,2215.9604099382814
S,2025-05-09,17360.67137195707,15422.161084695328,1938.5102872617426,429.32381116907356,2435.600600280566
S,2025-05-10,20073.11889882853,18861.388645805488,1211.7302530230445,339.9090148356935,8656.609179298968
S,2025-05-11,41312.40664829547,40366.07999896659,946.3266493288872,225.14711578305221,8308.141583294364
S,2025-05-12,41693.192784119456,40483.076969555455,1210.1158145639981,334.47479145339594,8736.034434127258
S,2025-05-13,40188.42475782935,39435.377884094916,753.0468737344304,209.30058999420143,8438.898604725553
S,2025-05-14,40525.75113576251,39319.36882951835,1206.3823062441597,351.14515446937594,8544.658906965258
S,2025-05-15,37894.40452027444,36104.32509822435,1790.079422050083,469.2361609767253,2605.1630778655745
S,2025-05-16,16336.503170978705,15700.141637753492,636.3615332252134,254.4904041108352,2939.1367502902376
S,2025-05-17,20366.623483184772,18178.3056941873,2188.3177889974713,581.3378514328742,8483.425896778306
S,2025-05-18,41183.29373488364,38662.113585223124,2521.1801496605162,820.390777396723,8517.111603122443
S,2025-05-19,39454.139265619386,38688.65349120153,765.4857744178574,133.70434235268098,8260.910537087473
S,2025-05-20,39844.9718629611,37818.590523308405,2026.3813396526934,503.71449708714493,8210.293753620706
S,2025-05-21,40421.811957460144,38579.75717245367,1842.0547850064866,501.24940891944215,8575.815432296
S,2025-05-22,35833.06651322069,35335.14936908397,497.9171441367212,105.48607092070023,1858.692010503666
S,2025-05-23,16370.109619872215,15607.7617915382,762.3478283340156,195.9503057650237,2092.9894542687184
S,2025-05-24,18708.080685756715,18583.69961081693,124.3810749397835,42.80944444351053,8910.668781328657
S,2025-05-25,38346.20578158875,37740.020178083054,606.1856035057076,142.74727654084592,8498.666961289075
S,2025-05-26,43925.36222717433,37510.18079456738,6415.181432606952,1865.007702178516,8496.42342232082
S,2025-05-27,38748.785045160126,38284.75723192484,464.02781323528194,211.11108271413025,8206.991124629865
S,2025-05-28,40876.23859201128,38074.596673813925,2801.641918197347,959.8073583445668,8532.046023292793
S,2025-05-29,37206.538973568975,34657.05376496719,2549.485208601788,599.7988543282739,1742.3894292022833
S,2025-05-30,17041.17609518104,15717.20296998991,1323.9731251911294,329.61947102502563,2402.231997584459
S,2025-05-31,19480.722652280907,18481.351656667266,999.370995613639,405.12480195900685,8902.84474990808
S,2025-06-01,77165.35439675476,38618.02337363638,38547.33102311837,10345.66739149154,7950.000000000012
S,2025-06-02,63638.77094641167,42941.23553395785,20697.535412453813,5131.628445021759,7979.865363534932
S,2025-06-03,52463.46922110878,46461.397817447825,6002.071403660954,1322.6269739179484,8312.654188403638
S,2025-06-04,51611.72048885341,49039.93525832059,2571.7852305328183,812.5374723128898,8494.335788560946
S,2025-06-05,50493.996362398604,46623.5905254457,3870.4058369529007,984.1841008832976,2254.2141833446804
S,2025-06-06,42557.312423739866,16386.119261160246,26171.193162579624,6356.808643759084,1959.2753942916956
S,2025-06-07,32830.529446380824,21684.454008086588,11146.075438294236,2682.267461253229,7954.65061728396
S,2025-06-08,55043.347172894646,54820.4671507732,222.88002212144377,50.57463752474399,8509.475516381899
S,2025-06-09,54415.08384641979,52867.33070015789,1547.7531462619056,382.5812831596707,8440.823400103742
S,2025-06-10,54495.525952752694,53059.92060801062,1435.6053447420672,382.1928090340039,8676.083048315351
S,2025-06-11,60898.08259209171,53099.46034559408,7798.622246497634,1727.3098070512376,8666.023609779804
S,2025-06-12,53136.89982548969,51781.663606450005,1355.2362190396811,324.3620599495417,2696.7751031467224
S,2025-06-13,24578.98145325582,22105.51584960556,2473.46560365026,518.9183191298914,2545.853921693445
S,2025-06-14,27513.857990790508,27201.478476912613,312.3795138778997,115.60808929831396,8890.305173516703
S,2025-06-15,54917.785678637505,54796.060317187505,121.72536145000053,30.736866666666657,8746.687766892206
S,2025-06-16,55221.026487726594,54541.31389633176,679.7125913948313,231.06986181652235,8451.408519574941
S,2025-06-17,57470.16875700827,54584.32764301052,2885.841113997752,755.1545747258818,8318.88617659032
S,2025-06-18,55436.9823563981,55212.93674940179,224.04560699630628,96.13941897537498,8607.820651500992
S,2025-06-19,52138.573934154505,51766.844609726424,371.7293244280697,83.68439475819672,2520.3310075621903
S,2025-06-20,23407.820445236444,23371.132734936444,36.68771029999949,16.756794444444054,3268.7723340516245
S,2025-06-21,25333.86706174504,24945.230587152884,388.6364745921529,115.8904132700108,9013.072677408893
S,2025-06-22,52604.56987691403,51678.12955426666,926.4403226473694,226.47473169865154,8641.645869446198
S,2025-06-23,51894.0395226547,51423.077613719666,470.9619089350208,175.56338482211154,8567.134078593263
S,2025-06-24,62975.95212906668,51342.139092746766,11633.81303631992,2878.246938096104,8540.66432362523
S,2025-06-25,54759.36502246241,53381.47891160224,1377.8861108601745,467.1920853516948,8586.765694711805
S,2025-06-26,51136.68665928717,50510.421536165246,626.265123121919,107.06501206388496,2399.765334617253
S,2025-06-27,22448.07896473549,22235.443326959354,212.63563777613788,55.559953731215515,2943.7337474715246
S,2025-06-28,24336.145519836275,23839.4834495199,496.6620703163707,195.2177778996779,9112.964618497452
S,2025-06-29,53543.18654583107,51782.36779830518,1760.8187475258892,638.1845354418457,8677.9994979823
S,2025-06-30,53957.898248865444,51891.66395649184,2066.2342923736123,560.960924571165,8618.902926365758
S,2025-07-01,69775.65246023535,52174.58030445429,17601.072155781047,5248.791658095384,7949.999999999994
S,2025-07-02,63269.15592971745,54276.18097646085,8992.974953256613,2754.6771412445646,7981.515796296303
S,2025-07-03,59027.44909031427,52537.98853004089,6489.460560273379,1634.212049432847,2186.602841130997
S,2025-07-04,41874.43559888855,20156.189073582307,21718.246525306247,5778.120872978357,1950.0000000000018
S,2025-07-05,36078.99166886954,25848.04893998779,10230.942728881746,2813.3292841188554,8018.9523551767115
S,2025-07-06,60981.190946131064,58254.030376456925,2727.16056967414,614.9077831361724,8594.123390701872
S,2025-07-07,58144.12794713123,57964.866991464565,179.2609556666639,84.42799999999866,8667.165380376291
S,2025-07-08,57518.36548199719,56172.208607913206,1346.1568740839887,356.00278178278097,8464.063521135015
S,2025-07-09,56951.834803403115,56179.551599032086,772.2832043710214,173.02993045120675,8720.35609949921
S,2025-07-10,53277.825907286715,52681.2580905679,596.5678167188166,175.8745856324142,2432.190817121448
S,2025-07-11,28170.38439065596,25233.33377510135,2937.0506155546113,824.9094939017791,2292.9147531526705
S,2025-07-12,31150.60441348502,30647.852048608438,502.7523648765816,148.22756287275,8745.556746403825
S,2025-07-13,55974.985493030916,55838.742210477576,136.24328255334143,44.03774890248798,8582.359188865328
S,2025-07-14,54863.98792573019,54341.29657903089,522.6913466993054,130.93331246470893,8468.558562236525
S,2025-07-15,55996.138725313656,53941.2313196251,2054.9074056885647,739.2445971316679,8800.169031549141
S,2025-07-16,55683.54106121392,53763.991884834846,1919.5491763790792,537.6411497225686,8686.237992841548
S,2025-07-17,55642.223954285655,51278.45907305958,4363.764881226069,960.2794093686011,3429.9457065536253
S,2025-07-18,27182.376379085566,27168.396087801106,13.980291284459623,3.251230531269627,2909.530726540361
S,2025-07-19,30115.667109194015,29868.508394407952,247.15871478605845,115.45431463778002,8616.891419967427
S,2025-07-20,55360.030921442085,54463.25506749285,896.7758539492329,218.23395648756065,8651.088692181664
S,2025-07-21,55629.44959554606,54111.130311106965,1518.3192844391074,374.1238157435524,8651.226701605523
S,2025-07-22,57095.15632638462,54178.72318444731,2916.433141937291,731.2698429798271,8479.684337391727
S,2025-07-23,56763.20559886698,54246.60249863494,2516.603100232039,563.305042156873,8511.467694694458
S,2025-07-24,54595.90084612324,52169.970250048806,2425.930596074441,545.203343307334,3452.0889074435245
S,2025-07-25,27879.80313059291,27516.493959945903,363.3091706470077,95.15962262077383,3632.9950534272493
S,2025-07-26,29929.505502847656,29447.529982874978,481.9755199726803,186.29386345601205,8659.621933617644
S,2025-07-27,57912.959066407115,54465.58485884203,3447.374207565089,732.4482919939553,8661.912294175232
S,2025-07-28,59231.36645016785,54547.21243049292,4684.154019674937,1261.132466403349,8703.528405150584
S,2025-07-29,58345.071039836184,55239.32209705957,3105.748942776613,840.6916666946587,8321.322331044134
S,2025-07-30,56497.44318434271,55501.333492706384,996.1096916363213,257.213151680619,8658.556245335485
S,2025-07-31,53815.02672897247,52803.73217219265,1011.2945567798236,211.09044993051492,3121.783034200809
S,2025-08-01,27378.440128503513,27113.871789110763,264.5683393927543,123.51822759779286,3487.484171442349
S,2025-08-02,28917.61432288788,28490.941065843443,426.6732570444372,152.53397777777562,8543.442161413219
S,2025-08-03,52996.75491362237,52065.628106090284,931.126807532087,247.85622708458666,8184.343175502112
S,2025-08-04,51111.10399956178,50516.73240403231,594.3715955294716,209.6953240159274,8678.728018584345
S,2025-08-05,49865.02903476919,49353.96014000455,511.0688947646343,174.85230723267946,8482.069123699734
S,2025-08-06,55008.677703997244,48742.41587303071,6266.2618309665295,1521.56277307095,8640.36222673552
S,2025-08-07,47756.35814524109,46116.41777980783,1639.9403654332498,526.2332293046984,2144.5085015099685
S,2025-08-08,25843.942568170576,25151.36801303733,692.574555133248,199.54503572696493,2719.6265893910813
S,2025-08-09,28424.00901111691,27247.485192055145,1176.5238190617656,327.5291184116261,8648.802862915132
S,2025-08-10,49934.02189746181,47579.728099363114,2354.2937980986953,618.8768705196442,8169.931303493333
S,2025-08-11,50552.91506157988,47630.6204838407,2922.2945777391774,659.1641714409704,8155.329437200946
S,2025-08-12,54989.492387152146,47685.95987618509,7303.532510967058,1816.613578625859,8216.835173101968
S,2025-08-13,51406.03504980497,48417.01913002472,2989.0159197802477,750.7440222395614,8568.478634575784
S,2025-08-14,49700.40700932274,45492.04917781054,4208.357831512199,948.0948558238119,2181.5488614038213
S,2025-08-15,25675.518634789027,24591.803792782746,1083.7148420062795,367.707870101871,2574.9784538960457
S,2025-08-16,28227.243198950815,27042.730131325246,1184.5130676255699,251.91351616032463,8236.338316725718
S,2025-08-17,49141.04633968516,47879.78851101211,1261.2578286730334,336.60934900550797,8203.018540912379
S,2025-08-18,50180.016445088724,47291.59460100983,2888.421844078894,646.7733062644068,8278.285371016846
S,2025-08-19,50695.62035250165,47329.12543287558,3366.4949196260677,919.1827339954368,8451.741056274275
S,2025-08-20,60769.5230903429,47260.210394498055,13509.312695844837,3465.48130246169,8461.992268857775
S,2025-08-21,47612.295239702085,46094.05954343917,1518.2356962629028,388.54403869457377,3086.258649105802
S,2025-08-22,26911.911922043906,24542.088638276517,2369.8232837673863,589.06756021188,3121.1022884034146
S,2025-08-23,27826.65973233601,27234.9633088061,591.6964235299106,180.36169738974365,8469.314291936029
S,2025-08-24,50098.826577704305,48957.20057009284,1141.6260076114618,280.53631114620634,8511.056855567025
S,2025-08-25,53389.768256529336,48697.99078225876,4691.77747427057,1422.6152650691097,8223.294302001388
S,2025-08-26,50676.484552991256,49776.96433455543,899.5202184358288,213.4148725184664,8352.185060431313
S,2025-08-27,51202.412161823915,49359.34918646346,1843.0629753604505,435.0926799919419,8258.5482511371
S,2025-08-28,56962.56700775475,47009.05312049753,9953.513887257224,2705.7912736156254,3041.3708629757602
S,2025-08-29,27090.447640824535,25711.654275844277,1378.793364980254,305.00191055268476,3438.7308425904926
S,2025-08-30,28571.19498684536,27859.847574518677,711.3474123266847,260.1186227084037,8512.274957765469
S,2025-08-31,51274.33494793593,49405.970658528866,1868.3642894070672,457.03074469295734,8264.713988801663
S,2025-09-01,50101.61113298768,49514.403902517406,587.207230470275,141.6800784015955,9915.009653699279
S,2025-09-02,45722.58313485622,45676.715284534,45.867850322219645,7.852067161211963,9366.735891437911
S,2025-09-03,43221.97904492451,42739.88353916335,482.0955057611624,125.89310279199938,8995.602932535163
S,2025-09-04,41463.16624979308,37967.985382502426,3495.18086729066,725.9795089632861,3079.3577633610394
S,2025-09-05,25818.523538355796,25818.523538355796,1.921733883136767e-13,2.842170943040401e-14,5521.5637044385585
S,2025-09-06,24542.42257482915,24533.47508925415,8.947485575001087,2.593850000000188,10312.363189400396
S,2025-09-07,41020.84850491583,39483.89388520818,1536.9546197076486,520.6127856039102,8413.523685545724
S,2025-09-08,47664.82739075288,40513.63178752088,7151.195603232003,1807.168687841892,8641.228490171301
S,2025-09-09,42904.8838983235,41384.453054530015,1520.430843793482,380.60711313377,8293.672343891427
S,2025-09-10,48786.778986335354,41260.6708728258,7526.10811350955,1923.6037496514095,8407.133274077989
S,2025-09-11,41213.81257832835,39983.042805436926,1230.7697728914256,248.42273395778298,3153.8637944755137
S,2025-09-12,21651.94770006527,21357.099123819648,294.84857624562375,81.97957413428264,4383.8562389263225
S,2025-09-13,22550.99692753558,21030.51986787857,1520.4770596570086,387.07037147531037,8799.846415370102
S,2025-09-14,45675.00170030599,41531.69981366854,4143.301886637453,1348.4579936900295,8452.789821019553
S,2025-09-15,44256.577480000065,42512.88991061086,1743.6875693892034,392.17811211648717,8336.33728471238
S,2025-09-16,46041.78644093613,42337.318841481654,3704.4675994544723,1306.3816093004539,8283.651905347704
S,2025-09-17,45899.43313644574,43025.59038229287,2873.8427541528736,741.3511323354955,8492.929159133233
S,2025-09-18,42505.27819326614,41293.21930367712,1212.0588895890257,282.6081950505155,3713.783921465905
S,2025-09-19,21212.070049716447,19577.2664265868,1634.8036231296464,520.5191865834635,4358.923972730596
S,2025-09-20,23273.638618066412,21385.744684718236,1887.8939333481767,475.6083407029323,8612.656230505418
S,2025-09-21,45365.04016007486,44587.176343920604,777.8638161542515,232.34664116006894,8334.285189043394
S,2025-09-22,46037.52448236052,44042.173745876724,1995.3507364837976,591.4233948076334,8460.768755143246
S,2025-09-23,47520.51993686477,44198.42683493078,3322.093101933994,776.6284145400275,8280.415614829304
S,2025-09-24,45812.44457247739,44966.15251849103,846.2920539863641,327.3449343404707,8520.790151524574
S,2025-09-25,44225.39658708032,42534.68190822199,1690.7146788583268,443.9250883347924,4022.6760370370394
S,2025-09-26,20645.024022689613,19963.315453059615,681.7085696299957,202.5205823421494,4650.2797585533735
S,2025-09-27,24085.646773289423,21584.410477551966,2501.2362957374617,740.0881701141786,8447.305335938854
S,2025-09-28,47356.23677426344,45574.13797657103,1782.0987976924057,410.5234454317354,8594.517981004628
S,2025-09-29,46761.91003475364,45563.001757766775,1198.908276986866,280.23869391376286,8187.586399247617
S,2025-09-30,49099.550465926164,45877.32645368957,3222.2240122365874,707.9924329392832,8329.951666931076
S,2025-10-01,46713.53731061105,46632.59186262495,80.94544798610586,32.45819444444301,9626.45053603057
S,2025-10-02,41622.407924742634,41357.828082706525,264.57984203610715,111.1719333333323,5494.411000059251
S,2025-10-03,19718.267643127965,19592.51832629463,125.74931683333595,44.41162777777845,6585.644291001517
S,2025-10-04,20539.16187941939,19916.41782332638,622.7440560930047,173.00979210360384,9666.49565327337
S,2025-10-05,41435.42445442734,41224.447916224766,210.97653820256974,78.59267343566846,8807.428706330222
S,2025-10-06,41620.98116711868,40320.829736159554,1300.1514309591273,333.6104410769755,8120.659753086422
S,2025-10-07,41728.84819308428,41156.43529004083,572.4129030434545,127.18426225887968,8391.89494281412
S,2025-10-08,42140.85264958858,41372.05317918024,768.7994704083384,280.1646121869253,8273.124112411973
S,2025-10-09,40088.81611168575,39468.86136411947,619.9547475662863,128.84275155453025,4537.273773133421
S,2025-10-10,18804.50793553731,18476.363201488086,328.1447340492256,131.84442759323878,5327.694794140069
S,2025-10-11,19664.374315191133,19007.583167559,656.7911476321322,136.09810598986218,8345.115413882591
S,2025-10-12,42863.32540163002,41352.97125433867,1510.3541472913544,433.9203388215726,8224.62948080892
S,2025-10-13,42308.435545986344,41762.68939260031,545.7461533860303,129.35870935764274,8219.486661619303
S,2025-10-14,43502.90629646168,41811.11562375664,1691.7906727050383,439.4717597127624,8353.3548115569
S,2025-10-15,44020.67784031578,42302.95483556391,1717.7230047518738,502.2633839416325,8429.893867733623
S,2025-10-16,46754.53634521431,41482.61966427106,5271.916680943242,1311.3928626669658,5237.548067949415
S,2025-10-17,19046.595712318405,18346.466007223953,700.1297050944513,176.62153888889193,5621.7298561594325
S,2025-10-18,20295.269800345028,19531.835265873204,763.4345344718272,244.00178679119554,8789.108932522726
S,2025-10-19,46590.764770550275,43808.57455448096,2782.1902160693176,647.3789024086461,8216.863056734855
S,2025-10-20,49427.81451820984,44682.37478625513,4745.439731954699,1005.2297189769763,8196.548224461534
S,2025-10-21,47999.46813661803,45294.07666941923,2705.391467198805,880.0985942420125,8451.74611065365
S,2025-10-22,49525.20584264468,45842.83088467225,3682.3749579724326,778.7618596931964,8314.903752054595
S,2025-10-23,45595.68637659338,44858.703921780594,736.982454812786,184.56771146454736,5305.0741603504675
S,2025-10-24,20041.93792847176,18508.821222603,1533.1167058687622,410.61204226555003,5329.669325387034
S,2025-10-25,20953.24254840889,20141.646474717818,811.5960736910714,221.3343264573559,8315.815648666943
S,2025-10-26,46850.48956849403,46200.553937961144,649.9356305328874,185.57773974839975,8388.914189130486
S,2025-10-27,47711.57469861487,46031.72178780057,1679.852910814304,437.7051646922123,8176.657612906286
S,2025-10-28,47282.61382643704,45977.37905677488,1305.2347696621573,328.718526299922,8269.697028206954
S,2025-10-29,52934.37404012784,46328.76459239765,6605.609447730187,1905.4170611528675,8151.4205414680155
S,2025-10-30,47385.98715283754,46435.6407428046,950.346410032937,236.6680854660132,6135.775675528955
S,2025-10-31,20326.93702018536,19178.257657281778,1148.679362903584,268.93474920714164,6240.567753801583
S,2025-11-01,20817.088519885656,20328.53583652225,488.5526833634051,198.14109083060094,8703.251599917878
S,2025-11-02,49406.19426548677,47968.650411324175,1437.5438541625917,377.01251859053997,8075.171630256078
S,2025-11-03,49374.58046313656,48717.8365075528,656.7439555837636,245.0716660740548,8345.024867717879
S,2025-11-04,50068.09931807783,48772.13731625756,1295.96200182027,331.1198075450131,8046.368416339102
S,2025-11-05,49829.90492675767,49038.24769380568,791.6572329519859,234.5070077889541,8426.66042721196
S,2025-11-06,52287.623071146765,48010.63427683377,4276.988794312998,952.9169372629492,6086.864610108454
S,2025-11-07,20743.188641557612,19391.34854416666,1351.840097390953,307.2119895029607,6066.718562359316
S,2025-11-08,21142.58703685045,20605.10103841594,537.4859984345112,144.89716045478977,8559.600899207224
S,2025-11-09,51913.91717109157,49739.31968926951,2174.5974818220593,522.0606399039546,8199.279500492492
S,2025-11-10,52258.514151351585,50478.66395000156,1779.8502013500276,512.6433911695362,8100.119951401442
S,2025-11-11,51865.925420676795,51400.35116098818,465.57425968861367,184.30067017097792,8245.60414373602
S,2025-11-12,52057.80103144284,51455.96916460851,601.8318668343294,136.09575557670712,8269.63014448912
S,2025-11-13,51379.14918476806,50431.99265304922,947.1565317188326,229.67096810002215,5938.774934209841
S,2025-11-14,20912.911418288386,19973.834501218862,939.0769170695273,240.71995706706417,6133.125285763084
S,2025-11-15,21839.819890885996,21079.823339517134,759.9965513688614,238.58136908217696,8358.916526256999
S,2025-11-16,53810.78532195135,52089.53397118214,1721.2513507692074,435.02311191430016,8287.451792370162
S,2025-11-17,52958.70618480971,52570.7845385986,387.9216462111069,116.744741813139,8371.803539095848
S,2025-11-18,54496.20536404424,52518.09326133338,1978.1121027108572,567.2977317157172,8336.382792201237
S,2025-11-19,53734.31018290711,52815.29606637997,919.0141165271448,281.3950070152571,8173.078751511161
S,2025-11-20,53543.73592719015,52025.50246848533,1518.2334587048085,388.36740174395675,5951.164780422226
S,2025-11-21,21757.82858019979,20831.659106902018,926.1694732977703,330.2018947375759,6362.331056698949
S,2025-11-22,22603.115887063075,21698.61790345676,904.4979836063106,274.46421188565444,8348.675979231914
S,2025-11-23,55252.84764035427,53549.91531719951,1702.9323231547685,443.86816129088743,8249.802960467576
S,2025-11-24,54865.681102511786,53764.96489521781,1100.716207293965,294.22277551752103,8174.349601647578
S,2025-11-25,54464.82765913571,53552.27784603791,912.5498130978092,243.84406636032838,8292.028193120004
S,2025-11-26,54861.32595852994,53744.55198481959,1116.7739737103543,289.579087056259,8307.116713010215
S,2025-11-27,55030.2150695576,53707.746189275604,1322.4688802820003,313.21973374125855,7507.417936945139
S,2025-11-28,22507.417751762085,21627.362451329915,880.055300432171,184.26742224594793,7562.182037037041
S,2025-11-29,26265.531332779876,21975.091570173172,4290.4397626067,1477.9176030847689,8466.201371359517
S,2025-11-30,56533.74290185275,55112.706261336265,1421.036640516491,350.75875904417506,8125.065737889802
S,2025-12-01,71030.29457926034,55911.41512420187,15118.879455058457,4291.5330212499,8173.156407407404
S,2025-12-02,70000.20094398569,58064.49079596963,11935.710148016058,3097.7806803216827,8212.064265432105
S,2025-12-03,63040.6997032427,60763.63526621785,2277.06443702486,717.8457197037889,8447.45297664272
S,2025-12-04,64175.364769691034,62418.69942627437,1756.665343416665,383.0031443123827,8172.5579042227055
S,2025-12-05,33278.4850527941,23877.452692911975,9401.032359882129,2741.539117136684,8343.646955126169
S,2025-12-06,33162.799985579564,25111.49326676352,8051.306718816052,2565.8329773036553,8447.081190274883
S,2025-12-07,64846.490119364134,63539.06265236846,1307.4274669956865,283.68641696079294,8191.006728395071
S,2025-12-08,64422.153240035186,63549.53250985287,872.6207301823102,182.14929430846718,8271.70383307051
S,2025-12-09,64627.8473284315,63718.76548515701,909.0818432744973,201.8535316527142,8271.896721165715
S,2025-12-10,64335.19860160934,63596.08414041193,739.1144611974261,183.32170186202808,8468.733195263547
S,2025-12-11,64045.58112270845,63394.220241923715,651.3608807847177,153.53892170682138,8351.27663461532
S,2025-12-12,29785.48042551615,26904.399153832288,2881.081271683862,996.1237089604749,8534.341661024779
S,2025-12-13,29185.55233990172,28441.87459728242,743.6777426193005,179.5855266366313,8510.657373045688
S,2025-12-14,64763.96061480613,63957.706256160105,806.2543586460212,184.25244285463236,8197.731951657639
S,2025-12-15,65148.56507625715,64096.39671443183,1052.1683618253326,268.5644065687698,8244.891943366367
S,2025-12-16,64627.9893846704,64282.446572465895,345.5428122044965,110.29343076538976,8274.812086723261
S,2025-12-17,65366.39689211963,64482.45687431436,883.9400178052656,222.05680778453228,8513.779507974572
S,2025-12-18,64341.3029081255,64101.04756395711,240.2553441683876,109.21424073767918,8274.855163847793
S,2025-12-19,29776.243231867786,28750.779309464506,1025.4639224032799,221.07723886994944,8394.36597790927
S,2025-12-20,29071.52075573569,28626.896751353943,444.62400438175126,123.77286478043311,8473.663170656118
S,2025-12-21,65718.09456933005,64006.73267994338,1711.3618893866592,443.06689617895023,8185.100820987669
S,2025-12-22,65105.776171523336,64186.40295558133,919.3732159419957,270.8412324574702,8073.667715390426
S,2025-12-23,64965.65058625857,64285.37813634465,680.2724499139201,163.48707084698805,8405.627289082851
S,2025-12-24,64083.56451281918,63760.28812756339,323.2763852557847,110.86657125186395,8314.344959841279
S,2025-12-25,64405.371017012774,63736.45868650424,668.912330508537,191.9164033435847,8269.220661002688
S,2025-12-26,28702.34065530343,28577.019226459008,125.32142884441993,40.08574073313173,8772.072464368179
S,2025-12-27,28799.342736726267,28324.914336602404,474.4284001238628,119.4093883463974,8423.54129164232
S,2025-12-28,64211.63453021984,63807.13855031666,404.4959799031752,80.70883667556183,8438.648149849174
S,2025-12-29,64088.66131155224,63357.99638086222,730.6649306900262,207.62867929427586,8204.437370291578
S,2025-12-30,63611.55128403982,63062.94724116315,548.6040428766767,126.09743421465352,8343.869351851852
S,2025-12-31,63597.50419930584,62514.55676503392,1082.9474342719243,258.02143745576325,8221.730319585822
F-fast,2025-02-01,24698.398582090816,24698.398582090747,7.122103440337924e-11,1.6846968264871975e-11,8579.76268285105
F-fast,2025-02-02,58466.93838970512,58466.938389705065,5.22871772545841e-11,1.2647660696529783e-11,8540.459883427531
F-fast,2025-02-03,56821.34527829576,56821.345278295674,7.805500956692412e-11,1.8900436771218665e-11,8566.96730804236
F-fast,2025-02-04,56332.45587190406,56080.08825650278,252.3676154012776,76.47503497007774,8434.174240724207
F-fast,2025-02-05,55661.085406736696,55507.27874694494,153.8066597917473,26.47958333335606,8511.95545485351
F-fast,2025-02-06,55862.33072619203,55592.726238980555,269.6044872114755,46.29590128458284,8550.0
F-fast,2025-02-07,23606.350408133883,23606.350408133803,8.225282499552123e-11,1.8559376258053817e-11,8616.31151084636
F-fast,2025-02-08,22420.67059358283,22420.670593582756,7.559754777730632e-11,1.9966250874858815e-11,8587.26633398815
F-fast,2025-02-09,54236.9900282897,54236.9900282896,1.0530698091315572e-10,2.702904566831421e-11,8383.692370343417
F-fast,2025-02-10,54560.26601133641,54560.26601133632,8.093658721008978e-11,1.949729266925715e-11,8362.800924058534
F-fast,2025-02-11,53409.04453058605,53409.04453058597,7.694480075315369e-11,1.7422507880837657e-11,8338.219227650578
F-fast,2025-02-12,52755.20200257779,52755.20200257769,1.0809723249849411e-10,2.4172663870558608e-11,8424.114842871637
F-fast,2025-02-13,52071.21474219506,52071.21474219495,1.0997207766649808e-10,2.76685341304983e-11,7673.88564587417
F-fast,2025-02-14,19983.160272338955,19983.160272338893,6.184706435874431e-11,1.5269563391484553e-11,7612.230802940355
F-fast,2025-02-15,20262.186895596646,20262.186895596547,9.883041229841183e-11,2.4932944597821916e-11,8174.273191689436
F-fast,2025-02-16,51270.550517387186,51270.55051738708,1.1107589159564668e-10,2.6687985155149363e-11,8454.425063315919
F-fast,2025-02-17,51257.088889228326,51257.08888922825,6.516831518865729e-11,1.7124079931818414e-11,8275.159031963745
F-fast,2025-02-18,50385.30443536381,50385.304435363694,1.1152141610182297e-10,2.6567192890070146e-11,8507.954483287784
F-fast,2025-02-19,49869.500441513606,49794.57388741624,74.92655409736582,17.108472222258413,8108.180188562329
F-fast,2025-02-20,48940.23185194806,48940.231851947974,8.504513715479334e-11,1.828937001846498e-11,6529.50024724084
F-fast,2025-02-21,19010.51390266238,19010.513902662344,3.26318101429024e-11,8.562039965909207e-12,6493.274556170332
F-fast,2025-02-22,19988.578373937875,19988.578373937762,1.169779899612422e-10,2.90683033199457e-11,8332.763055126785
F-fast,2025-02-23,49687.77594631102,49434.53013550643,253.24581080458861,113.48680744098345,8380.483125357274
F-fast,2025-02-24,49170.22677522509,49170.22677522501,8.333881851285696e-11,1.864464138634503e-11,8400.795699439295
F-fast,2025-02-25,48174.104811872254,48174.104811872174,7.535459900509523e-11,2.1188384380366188e-11,8389.568307284877
F-fast,2025-02-26,47050.69645530502,47050.69645530492,9.964498914882823e-11,2.871303195206565e-11,8435.424495733676
F-fast,2025-02-27,46160.98010754866,45845.15299232974,315.8271152189225,64.56761742829156,6373.852913387245
F-fast,2025-02-28,18455.914421520887,18455.914421520833,5.4548390693298635e-11,1.3280043731356272e-11,6477.63033552687
F-fast,2025-03-01,19298.14109206993,19298.141092069865,6.531454488367673e-11,1.4793499758525286e-11,8253.922580430282
F-fast,2025-03-02,55797.75752952121,47609.226823872275,8188.530705648935,2303.3482519751797,8010.127390987667
F-fast,2025-03-03,48863.440117249556,48247.23452743518,616.2055898143631,169.82167211539965,7959.798069876617
F-fast,2025-03-04,48502.629478637566,48502.629478637435,1.2755948475273726e-10,3.227285105822375e-11,8239.95081803051
F-fast,2025-03-05,47610.38472372471,47610.38472372462,7.500243270897044e-11,1.7898571513796924e-11,8472.697588682644
F-fast,2025-03-06,45708.52839756397,45708.528397563874,9.634932496282999e-11,2.503952600818593e-11,6071.641087748353
F-fast,2025-03-07,18005.66182923047,18005.6618292304,6.873619895486627e-11,1.764988155628089e-11,5877.395589278802
F-fast,2025-03-08,18713.526380780502,18713.526380780437,6.544119912632596e-11,1.7770673821360106e-11,8528.683164041173
F-fast,2025-03-09,46560.73441352235,45289.9521250235,1270.7822884988452,189.66899828341775,8167.486495166099
F-fast,2025-03-10,47137.52630283468,44775.13489071878,2362.3914121159,1032.410091323293,8363.963450045392
F-fast,2025-03-11,45079.888167824916,45079.888167824814,1.1430054058791938e-10,2.8769875370926457e-11,8507.083434776057
F-fast,2025-03-12,44493.535915981876,44493.5359159818,7.360771903108798e-11,2.120259523508139e-11,8361.986214589313
F-fast,2025-03-13,43726.97549785862,42155.6999958887,1571.2755019699116,641.8954297581593,4689.70872794917
F-fast,2025-03-14,16782.167049413787,16782.1670494137,8.546912511064874e-11,2.070521532004932e-11,4687.099779191863
F-fast,2025-03-15,18437.234611525462,18437.234611525404,5.6971916961856543e-11,1.5013768006610917e-11,8035.185193361937
F-fast,2025-03-16,44579.79105658554,44579.79105658543,1.1359020746226633e-10,2.872013737942325e-11,8581.868043627463
F-fast,2025-03-17,44045.71471551375,44045.71471551366,9.166661740778182e-11,2.6993518531526206e-11,8550.0
F-fast,2025-03-18,42962.92064692774,42641.360838889406,321.55980803833756,64.64700032152884,8556.133676184088
F-fast,2025-03-19,42190.3376221654,42190.33762216532,8.19696097664746e-11,2.254552100566798e-11,8550.000000000002
F-fast,2025-03-20,40837.12126241182,39959.65803260381,877.4632298079998,168.72348176388215,4472.768927064909
F-fast,2025-03-21,16591.407426274513,16591.40742627445,6.220785664368122e-11,1.4701129202876473e-11,4545.337285448557
F-fast,2025-03-22,18471.15620203128,18156.481702205085,314.67449982619394,153.01458780751688,8565.828477578012
F-fast,2025-03-23,41366.10771721846,41366.10771721839,7.047443517649299e-11,1.922728642966831e-11,8315.087162556181
F-fast,2025-03-24,41610.319405058464,41232.23416515128,378.08523990718106,110.7480185933958,8555.558694793956
F-fast,2025-03-25,40816.40997535593,40816.40997535584,8.36672136017569e-11,1.9106494164589094e-11,8359.001216587963
F-fast,2025-03-26,41246.24104672675,41246.24104672664,1.0855094956241372e-10,2.589217729109805e-11,8528.611435424056
F-fast,2025-03-27,39374.649802984204,38562.54759352458,812.1022094596317,147.01314524837474,4259.250404789718
F-fast,2025-03-28,15729.543891789504,15729.543891789452,5.380451284509036e-11,1.2207124200358521e-11,4162.9287157843955
F-fast,2025-03-29,17651.87102820353,17651.871028203466,6.664259544209016e-11,1.7251977624255233e-11,8057.845760056131
F-fast,2025-03-30,39503.41900554588,39503.41900554579,9.769082964794507e-11,2.5615065624151612e-11,8537.574011112998
F-fast,2025-03-31,40045.934930445816,38830.845389259615,1215.0895411861914,356.35101221394575,8236.977286024769
F-fast,2025-04-01,39718.762975877005,38938.16829613258,780.5946797444235,363.34704383423406,8243.38069685745
F-fast,2025-04-02,46380.24342525288,39406.69083546406,6973.552589788808,1411.921955469612,8310.350114190484
F-fast,2025-04-03,37795.127279195905,37795.12727919575,1.5354713767123938e-10,3.537792281349539e-11,3707.2862747719028
F-fast,2025-04-04,15293.411369828626,15293.411369828553,7.350536890271541e-11,1.7905676941154525e-11,3904.7555631755113
F-fast,2025-04-05,17146.21424870896,17146.21424870887,8.892102343338592e-11,2.076916416626773e-11,8156.297081116676
F-fast,2025-04-06,39177.916220194806,39177.91622019473,6.911772487683265e-11,1.4516388091578847e-11,8533.214740445788
F-fast,2025-04-07,38621.378111916754,38621.37811191668,7.331305340585459e-11,1.936939497682033e-11,8582.145835322914
F-fast,2025-04-08,38643.196975702536,38061.78283553937,581.4141401631728,84.47668972182099,8026.774933641981
F-fast,2025-04-09,38271.29695783439,38261.405371842055,9.891585992337953,2.707056921815557,8305.792531956555
F-fast,2025-04-10,36812.05790524853,36812.057905248425,1.046790600867098e-10,2.4300561562995426e-11,3596.4487591399056
F-fast,2025-04-11,14745.665900922924,14745.665900922877,4.7878785380817136e-11,1.2022383089060895e-11,3412.3230190877002
F-fast,2025-04-12,17138.57520810695,17138.575208106893,6.03822822853317e-11,1.4278356275099213e-11,8534.399271565526
F-fast,2025-04-13,37965.28145611709,37965.28145611701,7.548054625772239e-11,1.616484723854228e-11,8575.706396892296
F-fast,2025-04-14,37761.15243191279,37761.15243191273,6.937706586995774e-11,1.8985701899509877e-11,8443.855328231279
F-fast,2025-04-15,37552.152693077005,37268.093851796846,284.0588412801599,68.22466097038028,8126.769228641974
F-fast,2025-04-16,36806.46442140805,36806.46442140796,8.89086102517922e-11,2.3369750579149695e-11,8406.815492949761
F-fast,2025-04-17,34897.406370459634,34897.40637045956,6.752081205263494e-11,1.978150976356119e-11,3157.7731321362353
F-fast,2025-04-18,15358.757915669932,14325.611763203278,1033.1461524666552,313.07459165655723,3130.460943672308
F-fast,2025-04-19,16531.225365558425,16531.22536555837,5.371806466314411e-11,1.1425527191022411e-11,8497.26236219742
F-fast,2025-04-20,36819.302512570546,36819.30251257045,9.164194736399621e-11,2.1252333226584597e-11,8545.99541103332
F-fast,2025-04-21,36624.038294537764,36624.03829453772,5.437834360577653e-11,1.3592682535090717e-11,8324.124956956077
F-fast,2025-04-22,36331.00467703356,35956.44049483282,374.5641822007369,173.2697899232304,8321.268761865482
F-fast,2025-04-23,36087.46448434834,36087.46448434827,8.00716470905627e-11,1.9063861600443488e-11,8550.0
F-fast,2025-04-24,33255.60043864977,33255.600438649686,8.804985895949357e-11,2.233946361229755e-11,2577.015850722373
F-fast,2025-04-25,13260.515264139967,13260.51526413991,5.5661931952499795e-11,1.1411316336307209e-11,2504.469713588581
F-fast,2025-04-26,18662.719817129055,15995.479265337217,2667.240551791838,549.8378610314842,7910.325245061741
F-fast,2025-04-27,36077.73837129217,34487.558263894854,1590.180107397316,320.6534026949517,7966.942467836781
F-fast,2025-04-28,43174.20064584866,34678.502060671985,8495.698585176668,3280.87531746613,7950.000000000001
F-fast,2025-04-29,36139.98949442549,36139.9894944254,9.468075390373087e-11,2.4705570922378683e-11,8399.75377653238
F-fast,2025-04-30,35471.27125622933,35471.271256229265,6.987693623727864e-11,1.8552270830696216e-11,7957.5336480846745
F-fast,2025-05-01,44444.59556230454,32471.89790830527,11972.697653999265,1934.5464222873645,1615.6246366049381
F-fast,2025-05-02,24714.531222047648,13833.84941229652,10880.681809751131,1961.5687966280218,1815.4608305555546
F-fast,2025-05-03,20672.29614195205,17640.32375797777,3031.972383974277,635.5246719423591,7843.521298086423
F-fast,2025-05-04,40289.54448355017,37800.47093586117,2489.0735476889977,426.8602133559706,7833.013645740744
F-fast,2025-05-05,38391.42891829594,38391.42891829586,8.67721041686309e-11,2.1316282072803006e-11,8227.836427969938
F-fast,2025-05-06,39366.185087410864,39366.18508741078,8.986780386521787e-11,2.2566837287740782e-11,8550.0
F-fast,2025-05-07,39215.365936675225,39038.69415814987,176.67177852534866,52.785114587789025,8254.08534316566
F-fast,2025-05-08,36720.37687299099,36720.37687299092,7.618658059982409e-11,1.9468870959826745e-11,2568.4838951896672
F-fast,2025-05-09,15255.887507485158,15255.887507485093,6.48871747443991e-11,1.4800605185882887e-11,2529.326857737242
F-fast,2025-05-10,18817.181094371816,18817.18109437175,6.815047726149715e-11,1.4644285784015665e-11,8560.067320757085
F-fast,2025-05-11,40411.64775619844,40411.64775619836,8.894643599433037e-11,2.4243718144134618e-11,8550.0
F-fast,2025-05-12,40368.35546056481,40368.35546056475,6.069987534829124e-11,1.6996182239381596e-11,8566.060803987239
F-fast,2025-05-13,39515.60543752105,39515.60543752101,4.4261327047934174e-11,1.1482370609883219e-11,8562.460582463884
F-fast,2025-05-14,39260.78833943696,39260.788339436884,7.064413409807456e-11,1.8616219676914625e-11,8561.032536580751
F-fast,2025-05-15,36096.58428249554,36096.58428249542,1.1750721995440473e-10,2.6055602120322874e-11,2562.694333502419
F-fast,2025-05-16,15717.662354178008,15717.66235417798,3.024323547151653e-11,6.579625733138528e-12,2161.6634490517363
F-fast,2025-05-17,18505.354174685846,18505.354174685774,7.1935772893994e-11,1.6910917111090384e-11,7924.07136617742
F-fast,2025-05-18,38927.43408423821,38927.43408423815,6.124395213191747e-11,1.9895196601282805e-11,8550.000000000002
F-fast,2025-05-19,38673.053428282685,38673.053428282605,8.4350823215118e-11,2.1927348825556692e-11,8582.63017939103
F-fast,2025-05-20,37666.064310061025,37666.064310060996,3.2559015039623776e-11,7.645439836778678e-12,8006.224037658199
F-fast,2025-05-21,41751.50940048002,38676.55424105855,3074.9551594214727,899.836387275956,8343.80017734008
F-fast,2025-05-22,35445.141702342764,35445.141702342706,5.186249296684764e-11,1.1397105481592007e-11,1933.873846126503
F-fast,2025-05-23,15572.301025736144,15572.301025736095,4.769234607238104e-11,1.0700773600547109e-11,2070.6278396276057
F-fast,2025-05-24,18592.92501916837,18592.925019168313,5.793542356968828e-11,1.2846612662542611e-11,8038.297723927049
F-fast,2025-05-25,38152.973289154186,38152.97328915411,7.121177247881861e-11,1.8275159163749777e-11,7998.281750152461
F-fast,2025-05-26,37856.893677183034,37747.53017971651,109.36349746652527,49.00896144588418,7946.216770468582
F-fast,2025-05-27,38545.73858712014,38545.7385871201,4.97625620710096e-11,1.4580336937797256e-11,7950.194616584291
F-fast,2025-05-28,38196.403817463615,38196.40381746355,6.909844785241148e-11,1.6768808563938364e-11,7949.999999999999
F-fast,2025-05-29,34933.1375953492,34933.13759534907,1.2843059238321075e-10,3.034017481695628e-11,2053.5043901044673
F-fast,2025-05-30,15570.460413431112,15570.460413431047,6.51713278898569e-11,1.4381384971784428e-11,1893.5388108435695
F-fast,2025-05-31,18707.22235033754,18707.22235033748,5.821205917300177e-11,1.269029326067539e-11,8136.449526226308
F-fast,2025-06-01,78457.74172492148,38980.726870319646,39477.01485460183,9635.814989156215,7090.5196053086565
F-fast,2025-06-02,65159.95233168476,43349.073396816384,21810.878934868375,5053.726665432405,7434.123393888891
F-fast,2025-06-03,46920.00052237153,46720.3427309624,199.65779140912488,29.614541441451493,7907.598144461754
F-fast,2025-06-04,49232.066841830434,49232.06684183036,7.176140570663847e-11,2.063416104647331e-11,8566.481219544848
F-fast,2025-06-05,46721.3043249669,46589.40799886128,131.89632610561645,19.510422222240166,2258.043330295038
F-fast,2025-06-06,41596.418615756964,16384.31318018199,25212.10543557498,5131.962564776353,1430.1417758641962
F-fast,2025-06-07,27284.353960555367,21934.70286636511,5349.651094190256,857.7325226108997,7622.611366049398
F-fast,2025-06-08,54978.00385530527,54978.00385530523,4.8630909077473916e-11,1.1141310096718371e-11,8687.358835236128
F-fast,2025-06-09,52783.275216530354,52783.27521653025,1.0518570547901618e-10,2.290789780090563e-11,8706.888985029735
F-fast,2025-06-10,52934.08290652584,52934.0829065258,3.543637916436638e-11,8.114398042380344e-12,8536.239057500217
F-fast,2025-06-11,55292.767027020935,53165.49881812466,2127.268208896282,441.88519321296576,8549.999999999998
F-fast,2025-06-12,51836.426750266124,51836.426750266066,5.6525315983435574e-11,1.3343992577574681e-11,3011.283568359132
F-fast,2025-06-13,21956.331993423657,21956.331993423548,1.0433029018486194e-10,2.5053736862901133e-11,2681.245812052018
F-fast,2025-06-14,27137.21245962246,27137.21245962241,5.144796944023255e-11,1.3770318219030742e-11,8577.626449378286
F-fast,2025-06-15,54943.64467498092,54943.64467498084,8.715126398328721e-11,1.892885848064907e-11,8550.000000000002
F-fast,2025-06-16,54634.150522304946,54634.15052230489,6.176203726226959e-11,1.5006662579253316e-11,8549.999999999998
F-fast,2025-06-17,54537.56241746229,54537.562417462235,5.732432839522517e-11,1.475086719437968e-11,8552.186102161902
F-fast,2025-06-18,55102.27991894411,55102.27991894405,5.8187580975754827e-11,1.5830892152735032e-11,8550.57122235237
F-fast,2025-06-19,51853.74366584145,51793.86634028458,59.87732555687111,8.907002686040698,2974.066331368197
F-fast,2025-06-20,23155.910946344513,23155.91094634446,5.316263340660044e-11,1.3642420526593924e-11,2944.8299966936193
F-fast,2025-06-21,25098.11305088243,25098.113050882377,5.772805167225669e-11,1.4978240869822912e-11,8565.597118944106
F-fast,2025-06-22,51889.33801786209,51889.33801786204,4.354812688234234e-11,1.2533973858808167e-11,8710.162694271889
F-fast,2025-06-23,51390.73767240203,51390.73767240194,8.962645381416223e-11,2.0122570276726037e-11,8743.670084156836
F-fast,2025-06-24,57227.32573901758,51258.814098120754,5968.511640896819,1268.2296846244926,8550.0
F-fast,2025-06-25,53377.050689108524,53377.050689108466,5.61756792194501e-11,1.4296119843493216e-11,8582.502268004431
F-fast,2025-06-26,50512.43387357119,50512.43387357113,7.394251611003711e-11,1.6655121726216748e-11,2528.6627817829385
F-fast,2025-06-27,22174.28872100376,22174.288721003693,6.653642969922657e-11,1.864464138634503e-11,2673.1111052744263
F-fast,2025-06-28,23967.20758952332,23967.20758952328,3.7810927722148335e-11,9.606537787476555e-12,8662.797141078214
F-fast,2025-06-29,51994.84684764713,51994.846847647066,7.004422997169968e-11,1.828937001846498e-11,8584.358723641884
F-fast,2025-06-30,51935.86240198057,51935.862401980514,5.999537933121246e-11,1.3912426766182762e-11,8474.482281721288
F-fast,2025-07-01,67626.86587107494,52242.923056735795,15383.942814339154,2460.643676148761,7130.662205061719
F-fast,2025-07-02,64857.92331804609,54664.96894559211,10192.954372453989,1536.6489923809618,7595.1324754321
F-fast,2025-07-03,54344.89002175047,52721.30854468738,1623.5814770630907,273.31974997721335,2197.1072270383765
F-fast,2025-07-04,50074.71320773533,20151.234504895994,29923.478702839333,6523.774229042116,1236.0355000000009
F-fast,2025-07-05,35703.812807620256,26185.530149902916,9518.282657717333,1987.6954588791289,7555.454215802463
F-fast,2025-07-06,58631.88719889218,58473.93733740771,157.94986148447072,23.431503077061393,8621.271593859692
F-fast,2025-07-07,57952.05303957412,57952.05303957408,4.5271661974766176e-11,1.4523493518936448e-11,8521.196253644315
F-fast,2025-07-08,56241.17324447229,56241.17324447219,9.899599717755337e-11,2.2225776774575934e-11,8665.603249493994
F-fast,2025-07-09,56169.11479490713,56084.224328795965,84.89046611117509,12.592222222238235,8557.319922113624
F-fast,2025-07-10,52792.02632932728,52758.2111662939,33.81516303338678,5.001133333347099,2781.0862076776957
F-fast,2025-07-11,25068.771449222368,25068.771449222317,4.9927777467928536e-11,1.396927018504357e-11,2461.037702632516
F-fast,2025-07-12,30568.49801645403,30568.498016453952,7.42807202414042e-11,1.6783019418653566e-11,8650.407833883317
F-fast,2025-07-13,55883.652497187315,55883.65249718726,6.655250217590947e-11,1.7337242752546445e-11,8554.376130674711
F-fast,2025-07-14,54359.95877527192,54354.504582496855,5.45419277506326,0.8096478549848598,8535.342344700835
F-fast,2025-07-15,54593.86775594862,53909.55354547619,684.314210472429,317.2616724877347,8558.179717414449
F-fast,2025-07-16,54006.25680100093,53878.21084110642,128.0459598945038,18.95152222223902,8614.481268973754
F-fast,2025-07-17,51312.328246725265,51312.328246725185,8.582259169997997e-11,2.05773176276125e-11,3197.8738814994995
F-fast,2025-07-18,27262.586691402812,27262.58669140275,6.328583879167127e-11,1.5333512237702962e-11,3151.552481979042
F-fast,2025-07-19,29754.35479975942,29754.354799759374,4.9013998193458974e-11,1.1880274541908875e-11,8510.024765190035
F-fast,2025-07-20,54513.78940409573,54513.78940409567,6.162439092349815e-11,1.3670842236024328e-11,8595.97989062582
F-fast,2025-07-21,54137.141665441384,54137.14166544132,7.267983903602726e-11,1.8957280190079473e-11,8536.140809534658
F-fast,2025-07-22,54323.04594361592,54233.076063615845,89.96988000007337,13.346666666685081,8562.100071336585
F-fast,2025-07-23,54207.53820233363,54207.53820233355,8.640843418561416e-11,2.034994395216927e-11,8550.0
F-fast,2025-07-24,52151.69309323233,52151.69309323221,1.2784049374658935e-10,2.873434823413845e-11,3042.3196312599684
F-fast,2025-07-25,27709.768468545855,27709.76846854581,4.026136934953684e-11,9.464429240324534e-12,2993.5897345637777
F-fast,2025-07-26,29729.39630829617,29729.396308296124,4.432234845808125e-11,1.028865881380625e-11,8577.974480127368
F-fast,2025-07-27,54504.122456889505,54504.12245688944,5.997013374781091e-11,1.6768808563938364e-11,8555.306663442761
F-fast,2025-07-28,54597.5302881987,54597.53028819864,6.660502549493686e-11,1.6427748050773516e-11,8555.78946680299
F-fast,2025-07-29,55556.05872151525,55309.054875959635,247.00384555560993,36.68555555557134,8574.890574235273
F-fast,2025-07-30,55381.11570069266,55381.11570069261,5.7387183005630506e-11,1.41824330057716e-11,8625.129055480782
F-fast,2025-07-31,52853.00134080413,52819.50980580407,33.491535000050284,4.968333333345186,3181.837037526813
F-fast,2025-08-01,27085.546317542037,27085.546317541994,4.383517904216206e-11,8.697043085703626e-12,2864.4276257219426
F-fast,2025-08-02,28766.6599342615,28766.65993426145,4.6001829900887974e-11,9.620748642191757e-12,8555.995765658343
F-fast,2025-08-03,52281.60195894377,52059.687503263216,221.91445568055937,32.922339263566386,8257.172895934207
F-fast,2025-08-04,50482.186839974056,50482.18683997402,3.2777990099930325e-11,9.00968188943807e-12,8588.118298728514
F-fast,2025-08-05,49396.72792777655,49396.7279277765,4.746087256535247e-11,1.5148771126405336e-11,8610.893576660299
F-fast,2025-08-06,52106.09956551246,48681.45222585528,3424.6473396571773,971.7183892860487,8588.053022933671
F-fast,2025-08-07,46437.598040961566,46141.10772400231,296.49031695925254,43.93113919326741,2628.3009719947877
F-fast,2025-08-08,24923.100773159185,24923.100773159123,5.999110896937054e-11,1.2718714970105793e-11,2713.6323809415585
F-fast,2025-08-09,27250.31246037387,27250.312460373836,3.4961217920681515e-11,7.787548383930698e-12,8119.550483112043
F-fast,2025-08-10,48322.40322192549,47830.53960483624,491.86361708924363,71.3798782938908,8370.934428577764
F-fast,2025-08-11,47972.71988136886,47535.27800150899,437.44187985987895,64.88958139202344,8419.624641830575
F-fast,2025-08-12,50115.18530268026,47560.595850789105,2554.5894518911555,436.7044894168009,8268.179008086421
F-fast,2025-08-13,48392.665037630504,48392.665037630424,7.712596072906308e-11,1.9696244635269977e-11,8550.000000000002
F-fast,2025-08-14,45783.09035932994,45500.77109333032,282.31926599962515,40.86703701894274,2558.587501919048
F-fast,2025-08-15,24413.851519639804,24413.851519639764,3.9442639376829896e-11,9.322320693172514e-12,2905.7125536345184
F-fast,2025-08-16,26886.719997132477,26886.719997132444,3.6855034579730274e-11,8.341771717823576e-12,8457.870558124036
F-fast,2025-08-17,48177.14487293389,47774.70838450885,402.43648842503774,59.727640525147564,8220.426545469887
F-fast,2025-08-18,47858.9032577911,47283.33740418138,575.5658536097177,85.34096140711658,8021.82740249477
F-fast,2025-08-19,48535.96830773156,47450.77199594455,1085.1963117870068,160.8268287963697,8012.980192775965
F-fast,2025-08-20,53174.60111343217,47468.32929741742,5706.271816014754,1427.8649069341745,8044.48656824966
F-fast,2025-08-21,46438.21839968325,46292.09641409429,146.12198558895722,21.14975555557251,3304.633070545513
F-fast,2025-08-22,24441.04024085863,24439.08870283079,1.9515380278423593,0.2797502906950342,3034.1011043905874
F-fast,2025-08-23,27275.998867265513,27275.99886726548,3.014517346855427e-11,7.560174708487466e-12,8618.07991471158
F-fast,2025-08-24,48886.79492949073,48886.794929490636,9.468425332670449e-11,2.091837814077735e-11,8574.749650386253
F-fast,2025-08-25,50171.20738367142,48667.836915767075,1503.370467904333,459.7296730521949,8344.017720751737
F-fast,2025-08-26,49946.78816336797,49719.70119292818,227.08697043979913,33.64164442641996,8583.61844034378
F-fast,2025-08-27,49269.93626926413,49249.65106295246,20.28520631167488,3.002324622471832,8550.000000000002
F-fast,2025-08-28,47375.35470610288,46870.80784095355,504.5468651493253,155.21497596884885,3249.9816022775212
F-fast,2025-08-29,25613.24195969527,25613.241959695224,5.0595915013218475e-11,1.2228440482431324e-11,3427.0260892163137
F-fast,2025-08-30,27865.36831652686,27865.36831652683,2.832324597079605e-11,7.652545264136279e-12,8512.677018720882
F-fast,2025-08-31,49505.68394121575,49405.77994761568,99.90399360006673,14.321100000015889,8565.538004563656
F-fast,2025-09-01,49371.74929971833,49371.749299718285,4.1503554371047356e-11,9.464429240324534e-12,8550.0
F-fast,2025-09-02,46320.79483786221,46320.794837862166,3.861326547394128e-11,8.924416761146858e-12,8550.0
F-fast,2025-09-03,43125.36063462492,43125.36063462489,3.3644639074736914e-11,8.782308213994838e-12,8550.0
F-fast,2025-09-04,38872.021381082406,38178.30996665902,693.7114144233865,100.91006137063152,3246.7447519822745
F-fast,2025-09-05,25739.542173290458,25739.542173290403,5.6689060556891496e-11,1.0459189070388675e-11,4021.5637044385603
F-fast,2025-09-06,25138.18836286274,25138.188362862733,1.4089977184994494e-11,3.325340003357269e-12,7965.03525413856
F-fast,2025-09-07,40577.3515543556,40577.35155435552,8.357207548215229e-11,2.1316282072803006e-11,8021.276559994533
F-fast,2025-09-08,45465.496610912654,40699.68767407399,4765.808936838666,1399.5544037269726,8023.556217919238
F-fast,2025-09-09,41677.222735857955,41677.22273585784,1.1168546620865527e-10,2.901856532844249e-11,8246.772501030518
F-fast,2025-09-10,42354.46511766342,41282.91703162283,1071.5480860405914,218.9952588101739,8040.568842624494
F-fast,2025-09-11,40156.91653408978,40156.916534089694,8.443247168088419e-11,2.4272139853565022e-11,3323.4820367537577
F-fast,2025-09-12,21277.09585287846,21277.09585287841,4.872274672607091e-11,1.0388134796812665e-11,3460.5288129146597
F-fast,2025-09-13,21433.21530307209,21433.215303072036,5.5852126479294386e-11,1.3606893389805919e-11,8553.020381177705
F-fast,2025-09-14,41648.20170180744,41648.20170180735,7.820754888143711e-11,2.091837814077735e-11,8429.339514880987
F-fast,2025-09-15,42524.013172489336,42524.013172489256,7.879825147938391e-11,1.9696244635269977e-11,8567.185507011443
F-fast,2025-09-16,42227.859934220905,42227.85993422082,8.897050207679058e-11,2.4385826691286638e-11,8277.538805062848
F-fast,2025-09-17,43028.49002952806,43028.49002952798,7.972649740395354e-11,2.1572077457676642e-11,8582.579856411452
F-fast,2025-09-18,41250.771009266486,41250.77100926644,5.14027647113835e-11,1.4807710613240488e-11,3791.5218071753316
F-fast,2025-09-19,19540.600057160584,19540.600057160525,6.098240135088418e-11,1.3315570868144277e-11,3899.449501492272
F-fast,2025-09-20,21587.00053340193,21587.00053340184,8.953146846124582e-11,2.3085533484845655e-11,8485.164465242602
F-fast,2025-09-21,44647.503740039174,44647.50374003909,8.851280597355072e-11,2.2936319510336034e-11,8549.999999999998
F-fast,2025-09-22,43939.85302054642,43939.8530205463,1.1161626645161959e-10,2.899724904636969e-11,8550.0
F-fast,2025-09-23,44156.10148112048,44156.10148112039,8.49637800115488e-11,2.2787105535826413e-11,8302.412583565958
F-fast,2025-09-24,44955.718622987,44955.71862298694,6.339803348964778e-11,1.8630430531629827e-11,8508.718970874546
F-fast,2025-09-25,42540.407671577064,42540.40767157699,7.687318515081643e-11,1.8665957668417832e-11,4084.7675179447906
F-fast,2025-09-26,19934.02897123151,19934.028971231462,4.8541060948537055e-11,1.1596057447604835e-11,4389.425687208242
F-fast,2025-09-27,21703.506521580217,21703.506521580162,5.221778565100976e-11,1.3812950783176348e-11,8111.396496818124
F-fast,2025-09-28,45733.47073592745,45733.4707359273,1.4139121162770606e-10,3.0468072509393096e-11,8522.18496702258
F-fast,2025-09-29,45597.207842110016,45597.207842109914,1.0747307044312039e-10,2.8002489216305548e-11,8422.210970932936
F-fast,2025-09-30,45766.03619852032,45766.036198520174,1.4612203358410623e-10,3.637978807091713e-11,8483.360687908553
F-fast,2025-10-01,46559.82485034135,46559.8248503413,4.70134011720802e-11,1.0928147275990341e-11,8601.556720424516
F-fast,2025-10-02,41841.46914682732,41841.469146827236,8.619615954330583e-11,2.0612844764400506e-11,4615.372063491623
F-fast,2025-10-03,19952.226934492115,19952.226934492053,6.182717982028407e-11,1.3073986337985843e-11,4489.787038995205
F-fast,2025-10-04,20793.4232206582,20768.370914384723,25.052306273476358,7.262590599642664,8558.705805299734
F-fast,2025-10-05,41747.20255925061,41747.20255925057,4.165070066619592e-11,9.492850949754938e-12,8550.000000000002
F-fast,2025-10-06,40442.336085547504,40442.33608554742,9.047926141647622e-11,2.177813485104707e-11,8199.297693174665
F-fast,2025-10-07,41119.13469379235,41119.1346937923,4.825648147743778e-11,1.3500311979441904e-11,8561.539374743887
F-fast,2025-10-08,41291.61209550938,41291.61209550929,8.2189814065714e-11,2.029310053330846e-11,8569.6120534232
F-fast,2025-10-09,39328.273012224556,39328.27301222446,1.0025060959151232e-10,2.4556356947869062e-11,4752.433530717206
F-fast,2025-10-10,18374.879515827786,18374.879515827735,5.244636724910379e-11,1.2860823517257813e-11,5089.8704675807985
F-fast,2025-10-11,19103.697583165784,19103.69758316574,4.338645354096116e-11,1.1105782959930366e-11,8401.049067705047
F-fast,2025-10-12,41326.44005787562,41326.44005787555,6.016599485292318e-11,1.610089839232387e-11,8290.736398814832
F-fast,2025-10-13,41731.33267782624,41731.33267782617,6.40479242974834e-11,1.681144112808397e-11,8446.561204795547
F-fast,2025-10-14,41703.406598776826,41703.40659877671,1.2109604696775022e-10,3.090150357820676e-11,8540.339287745712
F-fast,2025-10-15,42214.261865691784,42214.26186569169,9.222209840231699e-11,2.213340621892712e-11,8550.000000000002
F-fast,2025-10-16,45410.335246634786,41425.64932219937,3984.685924435416,788.9823303674978,5214.082378580248
F-fast,2025-10-17,18357.533990709795,18357.533990709744,5.202873154530607e-11,1.3784529073745944e-11,5274.777541818622
F-fast,2025-10-18,19681.47797615723,19681.477976157177,5.476310604990431e-11,1.3955059330328368e-11,8624.324896539456
F-fast,2025-10-19,44835.6233312113,43886.35261946506,949.2707117462414,155.81399034879166,8087.481646234568
F-fast,2025-10-20,46613.106341212704,44743.7447019691,1869.3616392435993,390.57157317909497,8348.248403805343
F-fast,2025-10-21,45222.1202176839,45222.12021768381,9.040389770120783e-11,2.311395519427606e-11,8610.65658736647
F-fast,2025-10-22,47053.33114084027,45767.59588058866,1285.7352602516155,265.8672598541456,8465.949345830315
F-fast,2025-10-23,44787.05796179973,44787.05796179964,8.566590814496068e-11,1.7816859099184512e-11,5416.357838837104
F-fast,2025-10-24,18456.33242091689,18456.332420916813,7.372302945896082e-11,1.815436689867056e-11,5447.8475785638275
F-fast,2025-10-25,20085.905731969477,20085.90573196943,4.9085322473274576e-11,1.4495071809506044e-11,8278.811671121724
F-fast,2025-10-26,46218.10615797684,46218.10615797676,7.921590672310686e-11,1.963584850273037e-11,8550.000000000002
F-fast,2025-10-27,45955.31341817823,45955.31341817813,9.831107661284477e-11,2.4641622076160274e-11,8300.10344564338
F-fast,2025-10-28,45918.82458344669,45918.82458344659,9.956508506547834e-11,2.575006874394603e-11,8437.206562067018
F-fast,2025-10-29,46827.664627172184,46249.3092368367,578.3553903354884,233.1324652981604,8217.580545076711
F-fast,2025-10-30,46404.25884775964,46404.25884775954,9.579733273312742e-11,2.233946361229755e-11,5887.136589774839
F-fast,2025-10-31,19295.53242606252,19295.532426062466,5.163629879234576e-11,1.2960299500264227e-11,5979.699544961199
F-fast,2025-11-01,20451.57867502535,20451.578675025296,5.408394798678273e-11,1.3315570868144277e-11,8577.289184322268
F-fast,2025-11-02,48028.104671485395,48028.1046714853,9.014460999878792e-11,2.4023449896048987e-11,8248.017811465776
F-fast,2025-11-03,48635.849802265744,48635.849802265664,7.945132551867572e-11,2.035704937952687e-11,8577.39219908736
F-fast,2025-11-04,48661.98166054259,48661.981660542515,7.487966513508582e-11,1.6370904631912708e-11,8167.254545246159
F-fast,2025-11-05,48980.90737332752,48980.90737332743,8.481796953674347e-11,1.9525714378687553e-11,8562.934519218517
F-fast,2025-11-06,48047.50062573747,47946.025113070165,101.47551266729823,21.253641777635494,6059.084572378489
F-fast,2025-11-07,19404.451461962693,19404.451461962635,5.929769031354226e-11,1.368505309073953e-11,6244.410788775637
F-fast,2025-11-08,20521.24521694665,20521.24521694659,5.896738741739682e-11,1.7834622667578515e-11,8588.516353312658
F-fast,2025-11-09,49725.671594931846,49725.671594931744,9.868035988347401e-11,2.4414248400717042e-11,8196.721221359407
F-fast,2025-11-10,50479.87742707047,50479.87742707036,1.1441296265957136e-10,2.7554847292776685e-11,8259.00369629461
F-fast,2025-11-11,51324.98730466059,51324.98730466052,7.016711833784939e-11,2.034994395216927e-11,8418.982587871902
F-fast,2025-11-12,51373.72998927347,51373.72998927339,7.60188925141847e-11,1.8246737454319373e-11,8550.0
F-fast,2025-11-13,50647.06137269939,50299.003884918566,348.05748778082915,162.15967102026724,6457.450986121219
F-fast,2025-11-14,19729.046144830583,19729.046144830485,9.553504298764893e-11,2.8052227207808755e-11,6465.428864643096
F-fast,2025-11-15,20923.010493179765,20923.01049317966,1.0822722629200144e-10,3.3651303965598345e-11,8500.007977861947
F-fast,2025-11-16,52022.609592637615,52022.609592637535,8.188346356519105e-11,1.91420213013771e-11,8415.717780268516
F-fast,2025-11-17,52509.94370500558,52509.94370500548,1.0554938967288764e-10,2.4101609596982598e-11,8561.240188573986
F-fast,2025-11-18,52428.26337103769,52428.26337103759,1.033872649713885e-10,2.546585164964199e-11,8477.347696213583
F-fast,2025-11-19,52748.43171357687,52748.43171357678,9.85289148047741e-11,2.546585164964199e-11,8296.196265566436
F-fast,2025-11-20,51967.10372765188,51967.103727651775,9.451900950807613e-11,2.1600499167107046e-11,6262.265844082606
F-fast,2025-11-21,20684.093502372525,20684.093502372445,8.275173968286254e-11,2.247446673209197e-11,6583.267955504945
F-fast,2025-11-22,21594.335687220413,21594.335687220333,8.018817965194103e-11,2.1096013824717375e-11,8379.694440572152
F-fast,2025-11-23,53535.202227037196,53535.20222703712,7.328694096031541e-11,1.750777300912887e-11,8434.0198863553
F-fast,2025-11-24,53677.58466670516,53677.58466670507,9.108200060836681e-11,2.2680524125462398e-11,8307.337960083416
F-fast,2025-11-25,53489.197034686615,53489.19703468651,1.107052582938195e-10,2.8478552849264815e-11,8540.242419830136
F-fast,2025-11-26,53626.815703283515,53626.81570328342,1.0330882105336058e-10,2.404476617812179e-11,8584.990375203986
F-fast,2025-11-27,53576.02309305058,53576.023093050506,8.287042874144389e-11,2.000888343900442e-11,7395.171044628197
F-fast,2025-11-28,21680.486852789894,21680.486852789807,8.512924409842526e-11,2.404476617812179e-11,7281.374388965345
F-fast,2025-11-29,22361.14258806265,22108.06853956156,253.0740485010915,123.06056333627555,8441.835112509729
F-fast,2025-11-30,55124.26399011742,55124.263990117346,7.573473226329952e-11,1.921307557495311e-11,8290.94616009722
F-fast,2025-12-01,72369.71900126943,55832.73251060149,16536.986490667932,3742.5399405296585,7932.831749213676
F-fast,2025-12-02,69715.0118731177,58178.48479217286,11536.527080944834,2354.3861297715835,7977.255833148155
F-fast,2025-12-03,60875.01273259797,60875.01273259787,9.949636492478931e-11,2.62403432316205e-11,8580.265723838576
F-fast,2025-12-04,62490.44496429822,62355.77253321009,134.6724310881381,24.561594627964567,8027.9771453723815
F-fast,2025-12-05,29581.479145638146,23946.032166193312,5635.446979444834,1099.1842332185934,7950.0
F-fast,2025-12-06,26805.050476561268,25298.21313914503,1506.8373374162338,555.0977558985398,7902.527559533023
F-fast,2025-12-07,63797.36259121708,63797.36259121701,6.900265248077632e-11,1.574562702444382e-11,8299.981778923055
F-fast,2025-12-08,63497.84201088583,63497.84201088576,7.666858437005429e-11,1.6768808563938364e-11,8548.962134521389
F-fast,2025-12-09,63732.411529474004,63587.25263083547,145.15889863854196,24.990771909882668,8354.437898018447
F-fast,2025-12-10,63556.932108858215,63556.932108858105,1.0672996353378039e-10,2.454214609315386e-11,8560.951421487534
F-fast,2025-12-11,63350.50361660169,63350.50361660161,7.437299132107e-11,1.7280399333685637e-11,8550.0
F-fast,2025-12-12,26810.138037518238,26810.138037518154,8.220264291480817e-11,2.3241852886712877e-11,8550.000000000004
F-fast,2025-12-13,28434.447325161906,28434.44732516184,6.909698768708951e-11,1.4203749287844403e-11,8572.604404321643
F-fast,2025-12-14,63928.37545793504,63928.37545793496,7.288485903700346e-11,1.8189894035458565e-11,8378.848678707269
F-fast,2025-12-15,64010.48701356805,64010.48701356795,1.01520356565743e-10,2.5124791136477143e-11,8550.0
F-fast,2025-12-16,64137.723650936074,64137.72365093601,6.317256406873639e-11,1.8133050616597757e-11,8286.26311043239
F-fast,2025-12-17,64477.02527206841,64477.025272068335,7.999818762982614e-11,1.887201506178826e-11,8581.313261482781
F-fast,2025-12-18,64069.087117819916,64069.08711781984,7.569416737851499e-11,2.255262643302558e-11,8550.0
F-fast,2025-12-19,28620.268942183066,28620.26894218298,9.072006434962532e-11,2.2794210963184014e-11,8550.0
F-fast,2025-12-20,28553.074346875655,28553.074346875575,8.248090921370021e-11,1.885780420707306e-11,8526.127459483274
F-fast,2025-12-21,63981.847118943115,63981.84711894304,7.139212243600922e-11,1.836042429204099e-11,8371.940880383343
F-fast,2025-12-22,64097.77848740807,64097.77848740799,7.985942573895955e-11,1.9255708139098715e-11,8230.136694331524
F-fast,2025-12-23,64211.15968400033,64211.15968400025,8.374627213925123e-11,2.1998403099132702e-11,8546.861507753043
F-fast,2025-12-24,63693.2960298409,63693.29602984083,6.657990070380037e-11,1.6484591469634324e-11,8550.0
F-fast,2025-12-25,63624.67964578902,63624.67964578895,7.21034751904881e-11,1.963940121640917e-11,8550.0
F-fast,2025-12-26,28443.83622666139,28443.836226661286,1.0878924427970559e-10,2.6929569685307797e-11,8559.461602753141
F-fast,2025-12-27,28425.266663284783,28425.266663284703,8.08722973033582e-11,1.963940121640917e-11,8551.58492636368
F-fast,2025-12-28,63799.982414130995,63746.40688440868,53.57552972230723,9.171536372910026,8550.0
F-fast,2025-12-29,63305.178486607416,63305.17848660734,7.239077604026533e-11,1.8985701899509877e-11,8361.17230170497
F-fast,2025-12-30,62988.60263869613,62988.602638696066,5.980946582440083e-11,1.4580336937797256e-11,8451.879623970723
F-fast,2025-12-31,62463.323892625616,62463.323892625536,8.754224722906655e-11,2.0747847884194925e-11,8264.385129814937
滞后参考+保护,2025-02-01,25115.7990904135,24698.398582090747,417.4005083227526,78.04518251558186,8599.710858029033
滞后参考+保护,2025-02-02,58547.13310828539,58457.52285102106,89.61025726432065,33.109490337364065,8550.0
滞后参考+保护,2025-02-03,57066.05378188425,56816.82008300147,249.23369888277318,81.24097062698084,8290.626461230566
滞后参考+保护,2025-02-04,58129.20621292714,56211.126341121744,1918.0798718054014,473.15667955405013,8274.915699617963
滞后参考+保护,2025-02-05,57177.553517854096,55582.82038160967,1594.7331362444259,445.60477908980624,8300.76704564462
滞后参考+保护,2025-02-06,56598.251313001005,55692.89994108197,905.3513719190305,213.60131168074366,8256.392847876563
滞后参考+保护,2025-02-07,24635.901484770548,23745.618067291016,890.2834174795314,184.76595218080658,8434.613242195715
滞后参考+保护,2025-02-08,23162.938901593254,22506.70141215407,656.2374894391862,172.29133071615334,8357.818106886849
滞后参考+保护,2025-02-09,55760.00423620674,54345.73801589868,1414.2662203080672,394.6265761161643,8217.912276685045
滞后参考+保护,2025-02-10,55099.3482938503,54638.90103576161,460.44725808868645,145.67458751151688,8240.085428766219
滞后参考+保护,2025-02-11,53884.48669465633,53467.25258051963,417.23411413670146,111.79145393077815,8115.583994428392
滞后参考+保护,2025-02-12,54139.64971759959,52860.805314869416,1278.8444027301753,302.3354680592379,8214.236978417164
滞后参考+保护,2025-02-13,52984.52165557386,52170.76680923452,813.7548463393318,262.9743151554176,7483.853916972454
滞后参考+保护,2025-02-14,21223.446181827152,20064.980696189625,1158.4654856375269,368.95807121589144,7580.4636130054405
滞后参考+保护,2025-02-15,21519.358341702035,20275.29262628858,1244.0657154134556,377.3999954776466,8261.719070049217
滞后参考+保护,2025-02-16,52563.36039046262,51229.07202241842,1334.2883680442,331.480184316074,8278.346459389355
滞后参考+保护,2025-02-17,51628.36090149179,51340.608840357425,287.75206113436025,95.0952319407287,8127.838915081551
滞后参考+保护,2025-02-18,51661.263608468675,50455.18327747148,1206.0803309971916,285.53738934464815,8264.422567936084
滞后参考+保护,2025-02-19,52525.912914710054,49910.08919259807,2615.823722111992,678.1499430926003,8104.544942049373
滞后参考+保护,2025-02-20,50258.17556373686,48941.95617054395,1316.2193931929132,310.54619781578486,6213.801592623895
滞后参考+保护,2025-02-21,19885.121727393554,19159.41843475667,725.7032926368821,223.16433502024952,6386.308506853444
滞后参考+保护,2025-02-22,20891.8954429315,20039.030693865552,852.8647490659494,256.3144478895054,8263.230382025951
滞后参考+保护,2025-02-23,50717.908580134594,49467.51180011393,1250.3967800206606,441.58279061582766,8146.829191135566
滞后参考+保护,2025-02-24,50119.25420309882,49281.05662469084,838.1975784079805,205.8556210128257,8258.841901116242
滞后参考+保护,2025-02-25,49385.36381084689,48241.43823021007,1143.925580636812,288.8374245223639,8261.44269511961
滞后参考+保护,2025-02-26,48311.43372115992,47111.47070400865,1199.9630171512747,315.0826744403638,8268.357549378454
滞后参考+保护,2025-02-27,47165.15500588892,45924.398413884235,1240.7565920046877,277.5809951055339,5985.8593411705315
滞后参考+保护,2025-02-28,19685.52864832726,18638.91805641638,1046.6105919108807,308.7415838022628,6258.5889071199645
滞后参考+保护,2025-03-01,20253.733754542736,19396.081069808766,857.6526847339695,196.76313517177232,8313.387584110587
滞后参考+保护,2025-03-02,56125.765458765076,47581.02059045991,8544.744868305168,2419.938351786686,7975.912562470863
滞后参考+保护,2025-03-03,51043.13615780769,48263.46376109499,2779.6723967127036,734.7923391239763,8035.104961296893
滞后参考+保护,2025-03-04,49433.82492892562,48466.90890980708,966.9160191185356,289.9087022198066,8069.805913719163
滞后参考+保护,2025-03-05,48317.32607901066,47691.09012333631,626.2359556743412,148.79540681429464,8183.814785079254
滞后参考+保护,2025-03-06,46555.93599033064,45845.55514073974,710.3808495908936,185.14187026276838,6044.611421651167
滞后参考+保护,2025-03-07,18335.46352640736,18016.813068143605,318.65045826375115,107.81018719340909,5877.3955892788
滞后参考+保护,2025-03-08,19237.84765676954,18713.526380780437,524.3212759891011,172.5385599283617,8398.499501647946
滞后参考+保护,2025-03-09,46928.28517757676,45351.70257555202,1576.582602024739,359.2531627169642,8098.900178481094
滞后参考+保护,2025-03-10,48773.365485982984,44807.66766693303,3965.6978190499444,1467.179288861003,8206.563946620732
滞后参考+保护,2025-03-11,46398.13890655436,45154.547998949245,1243.5909076051166,324.733783650279,8288.741771619949
滞后参考+保护,2025-03-12,45336.89539282116,44597.10264487218,739.7927479489756,219.1994853948823,8191.172840351555
滞后参考+保护,2025-03-13,46196.06996420566,42236.72247306882,3959.347491136848,1235.0233464970586,4359.995831614478
滞后参考+保护,2025-03-14,18913.917730661433,16922.2542067017,1991.663523959735,492.48712383606664,4448.034031366664
滞后参考+保护,2025-03-15,19820.93388945989,18532.899866296277,1288.034023163612,438.82846470124576,8133.035280576427
滞后参考+保护,2025-03-16,46224.85234129903,44533.37749855003,1691.4748427490108,448.49651005471856,8494.15139409997
滞后参考+保护,2025-03-17,44781.88612801235,44087.247287504404,694.638840507956,174.56783284788818,8347.794761462654
滞后参考+保护,2025-03-18,44235.22717355253,42737.273523702286,1497.9536498502443,322.0524429423754,8400.717940817322
滞后参考+保护,2025-03-19,43184.57176435663,42264.0421740632,920.5295902934365,232.19345806700878,8310.509456432017
滞后参考+保护,2025-03-20,42317.76852770947,40073.25638043623,2244.5121472732444,589.7314049489042,4360.963384958499
滞后参考+保护,2025-03-21,17526.05994205837,16637.533423812354,888.5265182460189,219.43917985543757,4540.992090091602
滞后参考+保护,2025-03-22,19472.288316576025,18158.274336689574,1314.0139798864511,502.15076473251816,8550.000000000004
滞后参考+保护,2025-03-23,42422.54465039818,41373.57875863521,1048.9658917629745,269.3589632072468,8147.407915945969
滞后参考+保护,2025-03-24,42646.96050361492,41311.77002112673,1335.1904824881908,342.7308462666576,8328.226304758451
滞后参考+保护,2025-03-25,43156.737422407954,40924.228335408174,2232.5090869997844,624.5859295288958,8192.550208631916
滞后参考+保护,2025-03-26,42616.66101831272,41325.19430816712,1291.4667101455896,331.46605860903094,8246.807870709828
滞后参考+保护,2025-03-27,41457.361212799675,38696.21641772069,2761.1447950789866,734.1610764632934,4223.521290011984
滞后参考+保护,2025-03-28,16108.703725286217,15744.284136586086,364.41958870013264,109.93761260888932,4132.348209594915
滞后参考+保护,2025-03-29,19039.415734926806,17652.107002479468,1387.3087324473368,359.97632576171776,8213.572385452544
滞后参考+保护,2025-03-30,41415.38559871598,39429.55267623275,1985.8329224832232,425.3429781066558,8427.40505137104
滞后参考+保护,2025-03-31,42803.97713892049,38883.102199163885,3920.874939756601,1001.4520132612928,8219.394892406981
滞后参考+保护,2025-04-01,42068.29478179688,38946.50821150529,3121.786570291594,1101.0069644265823,8130.92335402324
滞后参考+保护,2025-04-02,47127.60429959233,39460.033101748435,7667.571197843896,1697.6458735631818,8118.306307777621
滞后参考+保护,2025-04-03,40498.78079286274,37886.22005803759,2612.560734825149,578.323175052845,3664.5245273645014
滞后参考+保护,2025-04-04,16148.894333987999,15313.580660689044,835.3136732989556,248.40920199625126,3785.151342132079
滞后参考+保护,2025-04-05,20142.031478521974,17186.504648211572,2955.5268303104,739.8850939113672,8055.598495443879
滞后参考+保护,2025-04-06,39854.073703934366,39225.68091599887,628.3927879355042,135.10405157044283,8349.947413413567
滞后参考+保护,2025-04-07,39623.70074486303,38708.30791403896,915.3928308240701,299.0716839374106,8493.828451776946
滞后参考+保护,2025-04-08,40599.15594651741,38103.59970751892,2495.5562389984902,555.4872961205866,7994.9828752376325
滞后参考+保护,2025-04-09,41795.08899849861,38276.48540487852,3518.6035936201024,967.2025347055596,8178.18045810611
滞后参考+保护,2025-04-10,38929.885514304144,36872.588565611484,2057.2969486926586,464.06689350401734,3646.242724142743
滞后参考+保护,2025-04-11,15596.201167644278,14732.640324608568,863.560843035713,257.95185961055194,3320.086719063401
滞后参考+保护,2025-04-12,17815.80834273435,17182.079996285018,633.7283464493343,190.39061647090222,8524.02283697722
滞后参考+保护,2025-04-13,38440.022654098415,37970.2033449234,469.81930917501205,125.59681926205728,8410.590715329748
滞后参考+保护,2025-04-14,38738.61013525133,37839.41232194115,899.1978133101794,289.8981675803731,8310.310480789936
滞后参考+保护,2025-04-15,39451.09771353203,37331.43862443318,2119.659089098842,523.5731904327562,8131.768444850074
滞后参考+保护,2025-04-16,38269.57013583333,36804.09312651992,1465.4770093134175,519.8908618528454,8285.065111468899
滞后参考+保护,2025-04-17,35686.38191495709,34955.15663474199,731.2252802151093,164.53763826332226,2934.888132333883
滞后参考+保护,2025-04-18,16293.67309265486,14430.739188110056,1862.9339045448057,505.0769629952064,3052.610995190349
滞后参考+保护,2025-04-19,17972.17338456245,16558.306180164942,1413.8672043975105,400.33188055296387,8550.0
滞后参考+保护,2025-04-20,37989.744346958774,36794.28729303942,1195.4570539193464,316.4602744931845,8549.999999999996
滞后参考+保护,2025-04-21,37238.978658169675,36622.138784504525,616.8398736651591,187.82402869564177,8186.9841123906435
滞后参考+保护,2025-04-22,38074.09424138731,36021.49096877169,2052.6032726156154,612.6407232082447,8354.418544684147
滞后参考+保护,2025-04-23,36660.836582833945,36071.74043736461,589.0961454693304,167.08373808336924,8345.690970424002
滞后参考+保护,2025-04-24,34872.04688157823,33352.51102167857,1519.5358598996625,293.64657523824303,2169.0748332049634
滞后参考+保护,2025-04-25,14074.413474203184,13452.927444068959,621.4860301342266,211.96482113833957,2431.4785021028924
滞后参考+保护,2025-04-26,20841.24680009579,16029.906786754633,4811.340013341158,1116.8073358769489,7931.397889436763
滞后参考+保护,2025-04-27,38103.4801621621,34477.56280624631,3625.917355915797,830.2711855728267,7951.484453077717
滞后参考+保护,2025-04-28,45360.227540457396,34685.83431233937,10674.39322811803,3600.4371556915776,7949.999999999999
滞后参考+保护,2025-04-29,37173.1695366097,36139.9894944254,1033.1800421842993,250.18253767952098,8050.7204609167475
滞后参考+保护,2025-04-30,36399.31355850282,35636.82939226962,762.4841662332038,255.86182966500016,7954.835583503708
滞后参考+保护,2025-05-01,45372.00996536871,32473.177690271506,12898.832275097206,2432.5199164052788,1666.525872313894
滞后参考+保护,2025-05-02,25283.98247479208,13809.824029041894,11474.158445750183,2360.7875145590046,1843.618338644672
滞后参考+保护,2025-05-03,21588.35250829975,17627.0334141597,3961.3190941400467,857.9996566408925,7835.444566247026
滞后参考+保护,2025-05-04,41151.56213265601,37804.301998997,3347.2601336590064,706.6781654319179,7813.236777064194
滞后参考+保护,2025-05-05,41537.9827347763,38400.8097463381,3137.172988438204,710.3804130604641,8215.147786158392
滞后参考+保护,2025-05-06,40980.90127724572,39372.20373317672,1608.6975440690003,435.4269706109865,8441.729123933781
滞后参考+保护,2025-05-07,41225.603229186156,39090.05064369728,2135.552585488874,463.56553965701653,8092.051089071102
滞后参考+保护,2025-05-08,38588.462367411164,36797.23512084977,1791.2272465613953,425.4114474555873,2300.310500580349
滞后参考+保护,2025-05-09,16987.815270248124,15382.375958609151,1605.4393116389729,386.1354101620841,2403.5362188595454
滞后参考+保护,2025-05-10,20230.398681011553,18876.512345709067,1353.886335302485,337.2840033287963,8550.000000000004
滞后参考+保护,2025-05-11,41171.76041520671,40416.3995315957,755.3608836110046,145.0319319961467,8384.456637657973
滞后参考+保护,2025-05-12,41500.499510869406,40446.87819543565,1053.6213154337543,324.9812040997086,8586.990218530058
滞后参考+保护,2025-05-13,40673.772019608616,39505.7267538568,1168.0452657518247,280.0790843635227,8541.448026741931
滞后参考+保护,2025-05-14,39869.140833738136,39270.726220341916,598.4146133962249,177.7035718074231,8523.211863580402
滞后参考+保护,2025-05-15,38491.899594578725,36114.498145803234,2377.4014487754916,604.2778110059676,2555.3578332906136
滞后参考+保护,2025-05-16,16290.113880410981,15720.689068098694,569.4248123122874,218.61675543332848,2173.7268931756453
滞后参考+保护,2025-05-17,20187.679047876205,18499.664250207326,1688.0147976688797,425.9654606527239,7949.999999999999
滞后参考+保护,2025-05-18,40597.175637716035,38915.13526892831,1682.0403687877367,634.297505142544,8527.551953854596
滞后参考+保护,2025-05-19,39638.91350105668,38683.701284837574,955.2122162191126,211.39322701023613,8247.052265726055
滞后参考+保护,2025-05-20,39347.06891500292,37825.16396335751,1521.9049516454133,344.4350590462286,7992.736074959298
滞后参考+保护,2025-05-21,43165.01023008807,38682.95203136539,4482.058198722672,1126.4341832623888,8296.363123008436
滞后参考+保护,2025-05-22,35854.97877147255,35467.642678447344,387.3360930252062,110.24992430309072,1905.7746383712492
滞后参考+保护,2025-05-23,16918.908170603187,15585.554485393988,1333.353685209199,299.52034108452824,2112.3874482966216
滞后参考+保护,2025-05-24,19192.939801155382,18575.69686061408,617.2429405412978,133.9879303671923,8037.856988667752
滞后参考+保护,2025-05-25,38736.28168390558,38153.182344578774,583.0993393268079,135.86995469211536,8001.627429908478
滞后参考+保护,2025-05-26,40021.7782264329,37745.94321228557,2275.83501414733,633.8396841632325,7953.578787178314
滞后参考+保护,2025-05-27,39123.9279129956,38542.24653719411,581.6813758014904,190.77282293529905,7949.234635494146
滞后参考+保护,2025-05-28,39018.45606380864,38196.859168493975,821.5968953146685,220.46501712658693,7950.0000000000055
滞后参考+保护,2025-05-29,36968.050408418945,34933.137595349064,2034.912813069875,478.5994811881693,1889.180472415359
滞后参考+保护,2025-05-30,18238.041327980332,15647.966527941076,2590.0748000392555,642.0822752812907,1892.2325817378878
滞后参考+保护,2025-05-31,19750.831388549566,18707.83845506566,1042.9929334839057,399.408853289742,8316.184252037794
滞后参考+保护,2025-06-01,79212.535886941,38895.47269870974,40317.06318823127,9865.512634955656,7411.906353293735
滞后参考+保护,2025-06-02,67012.34942554713,43196.55753007813,23815.791895469,5623.643869376275,7621.189741977683
滞后参考+保护,2025-06-03,48565.17998339672,46631.56935621938,1933.6106271773524,425.38877066280486,7925.133454791227
滞后参考+保护,2025-06-04,50912.422932807414,49223.74925963075,1688.6736731766682,497.4036570666389,8490.047688193637
滞后参考+保护,2025-06-05,48317.26662701051,46625.624514386596,1691.642112623922,402.5094046653331,2248.135259390363
滞后参考+保护,2025-06-06,43109.71453240891,16388.986486958696,26720.728045450214,5940.097951185108,1460.7000874105815
滞后参考+保护,2025-06-07,29663.190547867158,21920.208040588273,7742.98250727888,1668.6361435501171,7654.324865559501
滞后参考+保护,2025-06-08,55628.23986484749,54962.954037926596,665.2858269208984,167.98602830372818,8583.726362292691
滞后参考+保护,2025-06-09,54238.4002110967,52832.18974375955,1406.210467337148,351.14892549377765,8473.113120586895
滞后参考+保护,2025-06-10,53425.826231802304,53044.60451726145,381.2217145408491,142.8139133079315,8550.0
滞后参考+保护,2025-06-11,57322.39617845357,53158.971544398926,4163.424634054653,971.6357548825579,8559.27477878931
滞后参考+保护,2025-06-12,52325.73877538805,51832.04905467752,493.68972071053116,153.68874696404424,2826.8696136593444
滞后参考+保护,2025-06-13,23068.294663186345,22043.805679269484,1024.4889839168632,257.5133333339034,2448.5703270075564
滞后参考+保护,2025-06-14,27628.15482676389,27247.655756523513,380.4990702403781,171.11498426664772,8555.023390026287
滞后参考+保护,2025-06-15,55383.93678861127,54954.31331899498,429.6234696162835,95.03385000850884,8549.999999999996
滞后参考+保护,2025-06-16,54938.35668948442,54634.15052230489,304.20616717953527,93.52554601067934,8550.0
滞后参考+保护,2025-06-17,56299.59105019075,54537.562417462235,1762.0286327285107,456.93365233760653,8282.555213183368
滞后参考+保护,2025-06-18,55588.716226936325,55230.16973637782,358.5464905585013,90.7344090013087,8578.271734549257
滞后参考+保护,2025-06-19,52440.418398473375,51780.791698527646,659.6266999457328,136.5756643219213,2765.441258056152
滞后参考+保护,2025-06-20,23756.227604810258,23254.868772785474,501.3588320247835,199.63345069110625,3029.113049688811
滞后参考+保护,2025-06-21,26359.936466823645,25058.331449868645,1301.6050169550012,339.81195264483404,8573.087193051186
滞后参考+保护,2025-06-22,52520.32315233369,51885.8027028835,634.5204494501963,160.97155627270706,8687.516634181975
滞后参考+保护,2025-06-23,51925.83344797931,51401.42661276438,524.4068352149225,157.86329227602158,8566.28361465141
滞后参考+保护,2025-06-24,58419.46737746212,51342.54051172732,7076.926865734784,1663.5711831761928,8550.0
滞后参考+保护,2025-06-25,53556.40138539627,53377.050689108466,179.35069628779976,45.51868172148315,8593.17784650876
滞后参考+保护,2025-06-26,51587.37039752213,50507.395000517085,1079.975397005039,229.0802485753405,2515.013323625024
滞后参考+保护,2025-06-27,22414.43225777156,22180.76311398993,233.66914378163105,70.23188705651592,2631.766546321419
滞后参考+保护,2025-06-28,24492.160252799913,23986.722221349097,505.43803145081193,198.8265263193968,8643.338738357665
滞后参考+保护,2025-06-29,52869.69938641974,52004.03121373116,865.668172688579,278.3443332957853,8591.206086972754
滞后参考+保护,2025-06-30,53067.968411948495,51932.63044648834,1135.3379654601536,262.1027600738945,8550.000000000004
滞后参考+保护,2025-07-01,71368.60593788291,52207.102485698924,19161.503452183988,4113.604458545392,7362.209631102857
滞后参考+保护,2025-07-02,66638.3834609601,54555.0868281897,12083.296632770407,2442.0949402258234,7619.879308898541
滞后参考+保护,2025-07-03,56327.265736719084,52709.56479738347,3617.70093933561,891.7073275491371,2054.6178147828005
滞后参考+保护,2025-07-04,50963.27694380053,20218.442011009873,30744.834932790654,6761.5606254942195,1248.393646615299
滞后参考+保护,2025-07-05,37564.1271250674,26179.66826902506,11384.458856042344,2724.630873260859,7602.44821452717
滞后参考+保护,2025-07-06,60520.687966773854,58451.63607423513,2069.0518925387305,461.746203791143,8614.48795856964
滞后参考+保护,2025-07-07,58279.13749462327,57955.25491543098,323.88257919228266,123.47371683468705,8517.868122552247
滞后参考+保护,2025-07-08,57372.090244897474,56242.751887986866,1129.3383569106138,269.55646508764085,8536.365228715851
滞后参考+保护,2025-07-09,56772.95393222125,56145.25648906958,627.6974431516697,145.80341678155543,8543.3557942371
滞后参考+保护,2025-07-10,53842.44049437153,52764.817737798396,1077.6227565731392,296.9717920542073,2628.5447767729165
滞后参考+保护,2025-07-11,27175.685484354148,25140.720157465737,2034.9653268884067,625.7599665937946,2253.4204172866193
滞后参考+保护,2025-07-12,31186.769029065836,30666.493375137215,520.2756539286167,127.95918945972356,8631.90636385085
滞后参考+保护,2025-07-13,56707.31068719158,55892.38519104257,814.9254961490058,208.40594460890463,8550.832593845238
滞后参考+保护,2025-07-14,55064.96909250156,54356.17713188037,708.791960621193,188.91278890925548,8550.000000000004
滞后参考+保护,2025-07-15,56147.32517348591,53902.600930979286,2244.7242425066174,851.8260500308128,8622.471643890063
滞后参考+保护,2025-07-16,55207.50088272781,53847.86505180993,1359.6358309178881,346.4935016428869,8594.178213618274
滞后参考+保护,2025-07-17,52462.10830312014,51321.91128885296,1140.1970142671735,267.7212507623009,3222.0308679816744
滞后参考+保护,2025-07-18,27434.33803059714,27251.192646111987,183.14538448515123,66.24076983511135,3037.8587235319833
滞后参考+保护,2025-07-19,30272.245425613808,29807.9803558269,464.26506978690315,156.4649883752197,8550.000000000002
滞后参考+保护,2025-07-20,55292.70303904463,54494.82781771747,797.8752213271565,184.64394464158096,8588.307813256957
滞后参考+保护,2025-07-21,56090.07078124245,54140.762885959426,1949.307895283031,511.6880797124337,8549.163438695366
滞后参考+保护,2025-07-22,57461.4547550289,54226.89899651728,3234.5557585116094,756.8070793400035,8594.49193544155
滞后参考+保护,2025-07-23,55585.76694114473,54192.249242476,1393.5176986687216,310.4773186725405,8517.938802801973
滞后参考+保护,2025-07-24,54305.19489319445,52166.9007877698,2138.2941054246457,518.5020038832432,3163.0683129166446
滞后参考+保护,2025-07-25,27784.32993418003,27652.815340364414,131.51459381561656,25.869379870681627,2928.5233613487785
滞后参考+保护,2025-07-26,30444.87065903117,29760.085947662534,684.7847113686389,302.5808218017361,8647.53825743463
滞后参考+保护,2025-07-27,55487.12683850966,54471.28835400041,1015.838484509247,258.7420961211529,8594.19221369796
滞后参考+保护,2025-07-28,56385.62396679661,54579.176308478185,1806.4476583184278,481.69337239788666,8574.18720250874
滞后参考+保护,2025-07-29,56548.9678268361,55300.37114470652,1248.596682129575,289.98154571396935,8516.64032166498
滞后参考+保护,2025-07-30,56439.26807374292,55408.687659155235,1030.5804145876773,268.5690301725224,8625.12905548079
滞后参考+保护,2025-07-31,53394.05621300182,52819.50980580406,574.5464071977599,167.4022729630022,3169.0616685036075
滞后参考+保护,2025-08-01,27318.879214755878,27091.572033264605,227.3071814912678,61.80462585182913,3052.564276071241
滞后参考+保护,2025-08-02,29389.057850050132,28677.92214751337,711.1357025367638,192.8418852903034,8550.000000000002
滞后参考+保护,2025-08-03,52769.695479211805,52062.51750465395,707.1779745578577,197.9950738367626,7979.206216014524
滞后参考+保护,2025-08-04,51049.45274769243,50614.03570181592,435.417045876505,157.37114624631167,8544.214964177347
滞后参考+保护,2025-08-05,49931.38189947277,49417.46380010157,513.9180993711963,170.52069410818527,8450.010460767426
滞后参考+保护,2025-08-06,53897.68886241093,48757.6223654816,5140.0664969293275,1333.1870988448684,8531.316137536505
滞后参考+保护,2025-08-07,47666.19580281779,46167.93112958885,1498.2646732289354,477.2261760013221,2267.0449843579736
滞后参考+保护,2025-08-08,25925.76628479607,25093.530793133068,832.2354916630046,204.92015050125545,2557.897639136337
滞后参考+保护,2025-08-09,27747.81862737579,27323.767346925302,424.05128045048866,136.97732374161436,8113.977156321203
滞后参考+保护,2025-08-10,49301.51296063149,47833.1832195107,1468.329741120795,382.9584364491851,8120.348828631895
滞后参考+保护,2025-08-11,49038.6926226925,47654.139104416645,1384.5535182758554,312.19429491452934,8148.645190238872
滞后参考+保护,2025-08-12,51073.33403285497,47689.13043732743,3384.2035955275423,761.3686394989601,8082.869906813581
滞后参考+保护,2025-08-13,50164.63066221407,48480.56332133418,1684.0673408798966,415.5907380623919,8550.0
滞后参考+保护,2025-08-14,47240.751188007765,45500.77109333032,1739.980094677451,426.0547883254874,2266.474744775527
滞后参考+保护,2025-08-15,25255.604170298535,24551.7187758313,703.8853944672321,268.5522870149085,2582.0897822696206
滞后参考+保护,2025-08-16,28235.394410668727,27039.37358433292,1196.0208263358056,297.9762237964287,8220.840564161854
滞后参考+保护,2025-08-17,49196.504030007185,47887.13961164491,1309.3644183622716,337.4706239246358,8209.974512361614
滞后参考+保护,2025-08-18,49428.62311663862,47288.295151885744,2140.3279647528802,472.25721469404266,7994.731308443651
滞后参考+保护,2025-08-19,49779.1685952551,47463.62457655613,2315.5440186989713,491.9603103094146,8011.966180299469
滞后参考+保护,2025-08-20,56989.105587113925,47468.81027733543,9520.295309778483,2497.890813359116,8031.408980797067
滞后参考+保护,2025-08-21,47911.45643310256,46298.29954974263,1613.1568833599201,380.7702155857027,3118.8275774409776
滞后参考+保护,2025-08-22,27612.996758456477,24526.72696041176,3086.269798044714,684.5072479141453,2868.1356579656203
滞后参考+保护,2025-08-23,28035.296258137198,27354.27923616259,681.0170219746058,234.58187774339598,8470.964696073304
滞后参考+保护,2025-08-24,49923.976691141674,48956.417728397064,967.5589627446063,253.38818865411545,8496.756274236253
滞后参考+保护,2025-08-25,52634.57467390111,48704.77402466999,3929.800649231115,1157.5168441537198,8104.650586782171
滞后参考+保护,2025-08-26,51066.90216164332,49833.24100347441,1233.661158168902,282.65540772259635,8400.58189399308
滞后参考+保护,2025-08-27,51248.42952419898,49336.39295507733,1912.036569121643,389.41347240347847,8269.92396317698
滞后参考+保护,2025-08-28,50799.70822045242,47003.65724108661,3796.050979365816,1147.1171784279743,3087.660807874925
滞后参考+保护,2025-08-29,26687.74402995299,25689.80542185187,997.9386081011235,231.68480611145225,3392.8242501737614
滞后参考+保护,2025-08-30,28623.551392761055,27881.500183941902,742.0512088191525,225.42213400581176,8474.002483806915
滞后参考+保护,2025-08-31,50203.173981966334,49424.12456867654,779.0494132897946,202.8592196583381,8330.840186225018
滞后参考+保护,2025-09-01,49608.71618645088,49483.038042872926,125.67814357795251,29.93537084563394,8550.0
滞后参考+保护,2025-09-02,46327.82107435909,46320.794837862166,7.026236496922919,1.66459049915251,8552.161990473634
滞后参考+保护,2025-09-03,43464.64215724576,43124.34017512134,340.30198212442946,86.1244105127187,8554.528352749348
滞后参考+保护,2025-09-04,40389.78313247491,38176.17258416133,2213.6105483135802,487.9414895470326,2930.120881218447
滞后参考+保护,2025-09-05,26030.826015113755,25888.96334672709,141.86266838666558,62.06413477913142,4021.5637044385535
滞后参考+保护,2025-09-06,25165.531891620118,25138.188362862733,27.343528757385872,11.672435711418316,7966.868784013242
滞后参考+保护,2025-09-07,42068.45500356005,40576.481850018296,1491.9731535417486,427.8246847091473,7994.857813248242
滞后参考+保护,2025-09-08,47024.1856885826,40712.21896628065,6311.96672230196,1645.9028983286598,8048.065840031352
滞后参考+保护,2025-09-09,43694.59706466324,41665.59700510267,2029.0000595605802,479.8952159168389,8138.365041757155
滞后参考+保护,2025-09-10,45822.1770886232,41334.33830313816,4487.838785485037,1134.800966631743,8042.389218346076
滞后参考+保护,2025-09-11,41192.46047535116,40156.05306920576,1036.407406145404,228.06629971573227,3309.5260662485853
滞后参考+保护,2025-09-12,21525.362399972215,21283.67841896668,241.68398100553168,49.80491663131059,3532.61447296251
滞后参考+保护,2025-09-13,22262.406292088854,21399.214900082796,863.1913920060575,228.66689403476136,8561.75852723065
滞后参考+保护,2025-09-14,42922.4203941389,41644.07729687037,1278.3430972685321,408.5350309074249,8214.282804136998
滞后参考+保护,2025-09-15,43594.80335299618,42626.02173895215,968.7816140440283,219.1585654563614,8263.444826191178
滞后参考+保护,2025-09-16,43719.93512058018,42371.89416430688,1348.0409562732953,474.5560985929247,8147.296547258656
滞后参考+保护,2025-09-17,44642.30611882209,43090.2682738131,1552.0378450089856,408.1051193878071,8406.764499050667
滞后参考+保护,2025-09-18,42721.801120902775,41334.09007410961,1387.7110467931589,359.63426588242305,3762.244225477849
滞后参考+保护,2025-09-19,20410.610774705347,19554.409316527835,856.2014581775145,319.27044272568344,3894.958160923733
滞后参考+保护,2025-09-20,23185.142053854,21589.118949036667,1596.0231048173328,453.57354584443397,8529.36401729149
滞后参考+保护,2025-09-21,45089.7167955289,44626.5384191839,463.1783763449956,116.7545154975083,8388.972035119972
滞后参考+保护,2025-09-22,45115.77923236847,44016.23395188773,1099.545280480737,338.26525324481304,8311.087882815717
滞后参考+保护,2025-09-23,46145.13896899653,44269.42546203814,1875.7135069583896,436.6629670512527,8159.629533233502
滞后参考+保护,2025-09-24,45682.55131022143,45023.44538319463,659.1059270267965,237.78949929391115,8529.718204541106
滞后参考+保护,2025-09-25,43622.74159024522,42530.44703507448,1092.2945551707307,325.3485648216638,3906.6697292820045
滞后参考+保护,2025-09-26,20581.770993194674,20018.03176155074,563.7392316439318,170.23028330341225,4398.2956046069385
滞后参考+保护,2025-09-27,24532.508362261906,21699.32287720711,2833.1854850547925,726.0454400759863,7895.324810439034
滞后参考+保护,2025-09-28,47178.30742039361,45835.96073916645,1342.3466812271654,286.0679176076906,8491.813479148794
滞后参考+保护,2025-09-29,46563.66335298281,45611.614051191376,952.0493017914368,229.84709686648677,8182.793753560953
滞后参考+保护,2025-09-30,47964.1452847093,45879.59976529361,2084.5455194156793,483.53104925618425,8156.654919293015
滞后参考+保护,2025-10-01,46803.05019499805,46714.79228658794,88.25790841012105,35.9541796819379,8611.843644427703
滞后参考+保护,2025-10-02,42219.85834140503,41836.61371869773,383.244622707298,117.99509972428407,4640.179089059866
滞后参考+保护,2025-10-03,20603.266612132844,19940.526287432367,662.7403247004803,150.2609767621645,4514.003297934372
滞后参考+保护,2025-10-04,21331.035658834477,20756.948912251748,574.0867465827275,152.85560920485833,8558.244150299739
滞后参考+保护,2025-10-05,42139.197314074634,41747.42046041056,391.7768536640752,110.16079438181411,8562.698056550245
滞后参考+保护,2025-10-06,41229.10513670243,40436.3426028557,792.7625338467269,183.13609555706566,8026.980836195835
滞后参考+保护,2025-10-07,41557.38354111536,41200.87032295259,356.51321816277255,97.20349245971668,8409.86216886393
滞后参考+保护,2025-10-08,41761.93655012734,41363.53072495728,398.40582517006,133.3695123911037,8287.258262330852
滞后参考+保护,2025-10-09,40784.190812910856,39462.15706567461,1322.033747236244,296.94168583957605,4514.170743301696
滞后参考+保护,2025-10-10,18975.823354240143,18487.260130558716,488.5632236814266,152.1642392749191,4995.604825123689
滞后参考+保护,2025-10-11,19647.356647185698,19148.159544524675,499.1971026610217,131.11547362735087,8286.138655719009
滞后参考+保护,2025-10-12,42884.113851680806,41380.9458966276,1503.1679550532042,387.85090312616956,8169.733766956531
滞后参考+保护,2025-10-13,42352.31026227574,41788.728259537624,563.582002738113,159.2584907184438,8160.216413460132
滞后参考+保护,2025-10-14,43260.126872876855,41839.22947813348,1420.8973947433794,371.31583524351447,8272.733709741962
滞后参考+保护,2025-10-15,43389.47657061591,42341.1961115248,1048.2804590911196,293.5751716610532,8488.739540717102
滞后参考+保护,2025-10-16,45759.05024918272,41454.70720005256,4304.343049130162,1024.58581924898,5070.435630236093
滞后参考+保护,2025-10-17,18821.070555422695,18425.287373678737,395.7831817439584,118.84139043496411,5252.348633516732
滞后参考+保护,2025-10-18,20251.967362852796,19692.056944572905,559.9104182798943,207.37557106769074,8642.991713693606
滞后参考+保护,2025-10-19,46546.36529101708,43877.5418817683,2668.8234092487733,584.9993900742007,8078.4298313403915
滞后参考+保护,2025-10-20,47673.41816894002,44748.03827950057,2925.379889439449,634.1015665779271,8136.182943559231
滞后参考+保护,2025-10-21,46858.62490932697,45322.70993432722,1535.914974999757,455.992453927941,8417.506428035918
滞后参考+保护,2025-10-22,48502.42614310399,45859.071907460595,2643.354235643401,562.3320622273045,8291.467678112587
滞后参考+保护,2025-10-23,45395.35875398989,44869.820432853754,525.5383211361303,142.92280575359894,5402.314365477247
滞后参考+保护,2025-10-24,19429.375703550395,18462.956259184877,966.4194443655175,264.62092362254975,5293.162261729948
滞后参考+保护,2025-10-25,21222.873083359147,20158.86563974274,1064.0074436164073,344.5079218278896,8319.25161659859
滞后参考+保护,2025-10-26,46807.598052941685,46198.9241438389,608.6739091027853,166.42135584963972,8394.015746298692
滞后参考+保护,2025-10-27,47385.51167959487,46029.301949183784,1356.209730411084,337.8100693110955,8101.856467253942
滞后参考+保护,2025-10-28,46986.46109725712,46012.859733529316,973.6013637278063,257.13069902146145,8247.07513906788
滞后参考+保护,2025-10-29,48707.95983060125,46339.49490847929,2368.4649221219643,734.6021947280993,8087.367926489433
滞后参考+保护,2025-10-30,47277.01172045646,46466.02303317611,810.9886872803486,182.64683929404654,5873.845110556753
滞后参考+保护,2025-10-31,20448.534882842425,19301.80157376033,1146.7333090820905,292.9673722864177,5983.9857115438
滞后参考+保护,2025-11-01,20960.523966959085,20449.5570331205,510.9669338385831,198.799973835713,8571.385858094543
滞后参考+保护,2025-11-02,48675.92513144046,48030.89104146479,645.0340899756703,191.12908421482433,8019.875549881251
滞后参考+保护,2025-11-03,49162.54231678283,48744.06528167726,418.4770351055706,135.61423995425076,8336.542409852605
滞后参考+保护,2025-11-04,49896.83236370614,48776.160828771666,1120.67153493448,265.439411573187,8035.486962650477
滞后参考+保护,2025-11-05,49987.08459134474,49043.40913000532,943.6754613394176,261.42257905244946,8458.436850877973
滞后参考+保护,2025-11-06,50115.07147149123,47995.56165987486,2119.5098116163717,510.63880721889797,6014.353618178088
滞后参考+保护,2025-11-07,19943.782467472065,19425.549562027147,518.2329054449191,140.36690205461912,6025.050534193891
滞后参考+保护,2025-11-08,21057.751791648992,20624.76834771002,432.9834439389706,150.9712427088226,8540.228735481765
滞后参考+保护,2025-11-09,52182.50820294523,49748.48615016513,2434.022052780099,596.8457953875854,8018.460529696447
滞后参考+保护,2025-11-10,51647.74372315967,50564.43241514915,1083.3113080105204,313.2785250498675,8088.73541257602
滞后参考+保护,2025-11-11,52097.696109978555,51405.751227237706,691.9448827408506,197.21030985432253,8286.816483772674
滞后参考+保护,2025-11-12,52326.265025001485,51436.42077798446,889.8442470170223,198.57212712874906,8380.39720635044
滞后参考+保护,2025-11-13,51612.28648524484,50379.452143373004,1232.8343418718323,388.4855758157918,6045.277739746031
滞后参考+保护,2025-11-14,20888.962233110564,19923.565177005774,965.3970561047918,273.5613804822694,6160.001094171983
滞后参考+保护,2025-11-15,21938.559322504796,21067.137957948136,871.4213645566588,265.2061333088392,8367.68203158931
滞后参考+保护,2025-11-16,53187.0017813599,52085.376199819526,1101.6255815403783,276.076158840298,8304.316116798656
滞后参考+保护,2025-11-17,53047.695377200114,52562.785227378015,484.910149822108,139.04098452415542,8378.977587737141
滞后参考+保护,2025-11-18,53609.33556609198,52514.690370927856,1094.6451951641209,406.7124028761073,8310.41172172123
滞后参考+保护,2025-11-19,53567.86986617444,52827.61501081099,740.2548553634515,232.5126049804387,8171.132552891297
滞后参考+保护,2025-11-20,53192.90181466072,52026.425615364016,1166.476199296694,290.6137720406896,5972.694511525343
滞后参考+保护,2025-11-21,21760.50312114133,20821.446837782107,939.0562833592214,360.0888275180318,6358.2557971842525
滞后参考+保护,2025-11-22,22536.951119870868,21700.541425947697,836.4096939231729,295.55094881644266,8331.73106518103
滞后参考+保护,2025-11-23,54549.92633224593,53557.95285476431,991.9734774816229,283.1723520038261,8251.1848632177
滞后参考+保护,2025-11-24,54354.81003229527,53764.309412680006,590.5006196152647,170.12975740603378,8099.855533414087
滞后参考+保护,2025-11-25,53994.48193204391,53587.612865736664,406.8690663072541,110.3671907402105,8240.932517657337
滞后参考+保护,2025-11-26,54687.66877408148,53768.78836688072,918.8804072007679,223.77308502028887,8373.367266835014
滞后参考+保护,2025-11-27,54904.947615832934,53676.32134324471,1228.6262725882357,279.3897046806602,7390.347776900522
滞后参考+保护,2025-11-28,22845.086129380637,21682.774689448637,1162.3114399319988,288.88018068983115,7279.612354282061
滞后参考+保护,2025-11-29,24202.974293124455,22108.90433134633,2094.0699617781265,736.3139377588923,8268.754685475651
滞后参考+保护,2025-11-30,56209.842818456294,55206.361806007175,1003.4810124491181,239.5075377473661,8115.981428631124
滞后参考+保护,2025-12-01,72138.2269651137,55915.72411489357,16222.502850220124,4186.372894734212,8087.699058632332
滞后参考+保护,2025-12-02,70282.96966469043,58105.02606507194,12177.943599618484,2855.770399238793,8063.48012497311
滞后参考+保护,2025-12-03,62892.072482126256,60834.11367684223,2057.958805284027,617.2749682768409,8459.401790041311
滞后参考+保护,2025-12-04,63801.38873102363,62413.03170578564,1388.357025237994,312.478207156017,8015.946765815739
滞后参考+保护,2025-12-05,30601.25726291791,23951.73857622968,6649.518686688229,1719.7502044584505,7946.8595667019135
滞后参考+保护,2025-12-06,30447.160938447818,25299.702751339428,5147.458187108391,1523.023419836821,8280.227528047611
滞后参考+保护,2025-12-07,64564.29140382822,63618.206906151594,946.0844976766264,238.05551425888083,8133.53816478384
滞后参考+保护,2025-12-08,64010.014085864976,63576.79176519246,433.22232067251247,97.8497511235251,8300.410424929389
滞后参考+保护,2025-12-09,64753.306609449566,63705.14899175195,1048.1576176976214,222.13256669587832,8258.059109144082
滞后参考+保护,2025-12-10,64411.37129651199,63602.64778104752,808.7235154644736,208.87134097047465,8544.635389836061
滞后参考+保护,2025-12-11,64342.44124349777,63358.217300964825,984.2239425329426,248.9873777096493,8357.746277282451
滞后参考+保护,2025-12-12,28056.4545505684,26901.330386660513,1155.1241639078848,374.3010725772501,8518.958888535288
滞后参考+保护,2025-12-13,29332.281409655745,28449.17115903327,883.1102506224753,190.2312480424721,8521.643590998581
滞后参考+保护,2025-12-14,64507.88877947554,63952.49512677779,555.3936526977444,154.0538261402328,8173.3291009454715
滞后参考+保护,2025-12-15,64703.832780947836,64107.97179995297,595.8609809948771,187.234219566705,8293.091522701634
滞后参考+保护,2025-12-16,64646.84492091766,64259.58390533453,387.26101558313417,126.56446252351748,8197.998767862711
滞后参考+保护,2025-12-17,64927.13073589246,64518.891991893885,408.2387439985795,98.96774663085235,8460.067346649586
滞后参考+保护,2025-12-18,64474.55557965874,64126.52503247892,348.0305471798156,112.60121840190158,8297.589810996898
滞后参考+保护,2025-12-19,29287.724202229252,28739.995508500113,547.7286937291387,139.51648400813497,8294.667481251658
滞后参考+保护,2025-12-20,29110.06882034537,28674.18707160187,435.8817487434957,114.37620838089003,8410.219436100575
滞后参考+保护,2025-12-21,65018.57848427658,64036.82615803423,981.7523262423493,240.9649052339251,8198.770792219922
滞后参考+保护,2025-12-22,64768.278834373006,64179.91883256017,588.360001812827,198.38207282210783,8037.210630756129
滞后参考+保护,2025-12-23,64984.078359500505,64302.67094682285,681.4074126776562,140.88024664233257,8386.395817511966
滞后参考+保护,2025-12-24,64425.62645059134,63769.41025557852,656.216195012831,159.54922284431723,8332.250941779057
滞后参考+保护,2025-12-25,64218.72573396752,63727.965282405086,490.760451562442,162.6797127592036,8288.618558190185
滞后参考+保护,2025-12-26,28892.890103062477,28567.818157226407,325.07194583606844,74.16896067739626,8584.549482473292
滞后参考+保护,2025-12-27,28986.76697355968,28413.42518405679,573.341789502891,158.61581009058722,8450.68186027536
滞后参考+保护,2025-12-28,64208.670670683634,63794.26487392839,414.40579675523963,110.82146528750701,8447.02915834387
滞后参考+保护,2025-12-29,63868.401724745316,63354.02098916624,514.3807355790873,199.97406482615867,8153.0008269282725
滞后参考+保护,2025-12-30,63614.87333725981,63087.345308231816,527.5280290279982,132.36602814719265,8338.317039370257
滞后参考+保护,2025-12-31,62958.74358358511,62517.19041192102,441.5531716640859,136.66816178390405,8173.265809827449
